Participant,placement_distance,placement_cr,seen_when_cr,list_no,stimuli_no,response_not_seen,response_seen,seen_when_never,seen_when_one_week,seen_when_two_weeks,seen_when_yesterday,relevance_nr,relevance_r,old_new_memo,old_new_new,old_new_old,catego_h,catego_o,encoding_no_e1,encoding_no_e2,encoding_no_e3
10,222.2831,23,37,2,11,False,True,False,False,True,False,True,False,False,False,True,False,True,True,False,False
10,1118.311,100,100,,11,True,False,True,False,False,False,False,False,True,False,False,False,False,False,False,False
10,543.8705,4,46,6,15,False,True,False,False,False,True,False,True,False,False,True,False,True,False,True,False
10,754.4911,78,78,2,11,True,False,True,False,False,False,True,False,False,False,True,True,False,False,False,True
10,745.0938,32,21,8,16,True,False,True,False,False,False,True,False,False,False,True,True,False,False,False,True
10,1268.135,100,100,,12,True,False,True,False,False,False,False,False,True,False,False,False,False,False,False,False
10,0.9522193,78,82,7,1,False,True,False,False,True,False,True,False,False,False,True,True,False,False,False,True
10,1113.542,67,74,8,14,True,False,True,False,False,False,False,True,False,False,True,False,True,False,True,False
10,348.2472,18,35,5,7,False,True,False,True,False,False,True,False,False,False,True,True,False,True,False,False
10,1189.011,57,64,7,13,True,False,True,False,False,False,False,True,False,False,True,True,False,True,False,False
10,822.6772,35,53,7,12,False,True,False,False,False,True,True,False,False,False,True,False,True,True,False,False
10,1132.616,80,78,1,14,True,False,True,False,False,False,False,True,False,False,True,True,False,False,False,True
10,855.5923,59,62,4,12,True,False,True,False,False,False,True,False,False,False,True,False,True,False,False,True
10,1124.27,100,100,,12,True,False,True,False,False,False,False,False,True,False,False,False,False,False,False,False
10,319.9533,19,56,6,10,False,True,False,False,True,False,False,True,False,False,True,True,False,True,False,False
10,112.9155,34,18,3,1,False,True,False,False,True,False,True,False,False,False,True,True,False,False,True,False
10,1183.331,88,88,,11,True,False,True,False,False,False,False,False,True,False,False,False,False,False,False,False
10,1215.376,100,100,,12,True,False,True,False,False,False,False,False,True,False,False,False,False,False,False,False
10,1167.024,100,100,,12,True,False,True,False,False,False,False,False,True,False,False,False,False,False,False,False
10,191.178,24,26,5,4,False,True,False,True,False,False,False,True,False,False,True,True,False,False,False,True
10,1074.487,37,40,6,7,True,False,True,False,False,False,True,False,False,False,True,True,False,False,True,False
10,680.8145,61,63,2,8,False,True,False,False,True,False,True,False,False,False,True,False,True,False,True,False
10,1212.453,100,100,,13,True,False,True,False,False,False,False,False,True,False,False,False,False,False,False,False
10,222.0901,14,33,4,10,False,True,False,True,False,False,False,True,False,False,True,False,True,False,True,False
10,814.2143,56,58,1,16,True,False,True,False,False,False,True,False,False,False,True,True,False,False,True,False
10,704.0809,11,40,5,9,False,True,False,True,False,False,False,True,False,False,True,False,True,True,False,False
10,1360.326,72,73,1,5,True,False,True,False,False,False,True,False,False,False,True,False,True,False,False,True
10,1126.095,100,100,,13,True,False,True,False,False,False,False,False,True,False,False,False,False,False,False,False
10,947.1715,38,59,3,16,False,True,False,False,True,False,True,False,False,False,True,True,False,True,False,False
10,1372.147,73,68,3,6,True,False,True,False,False,False,False,True,False,False,True,True,False,False,False,True
10,655.4841,4,30,4,9,False,True,False,True,False,False,False,True,False,False,True,True,False,False,True,False
10,1172.768,100,100,,12,True,False,True,False,False,False,False,False,True,False,False,False,False,False,False,False
10,1171.437,100,100,2,8,True,False,True,False,False,False,True,False,False,False,True,True,False,False,False,True
10,201.8738,34,41,4,3,False,True,False,False,True,False,False,True,False,False,True,False,True,False,False,True
10,1341.319,74,79,8,5,True,False,True,False,False,False,True,False,False,False,True,True,False,True,False,False
10,483.1828,31,41,7,5,False,True,False,False,True,False,True,False,False,False,True,False,True,False,True,False
10,447.7097,35,41,3,6,False,True,False,False,True,False,False,True,False,False,True,False,True,True,False,False
10,1105.582,87,94,,13,True,False,True,False,False,False,False,False,True,False,False,False,False,False,False,False
10,1113.964,59,62,8,14,True,False,True,False,False,False,False,True,False,False,True,False,True,True,False,False
10,1289.253,100,100,,13,True,False,True,False,False,False,False,False,True,False,False,False,False,False,False,False
10,498.8047,54,62,6,2,False,True,False,True,False,False,True,False,False,False,True,False,True,False,True,False
10,1150.451,100,100,,13,True,False,True,False,False,False,False,False,True,False,False,False,False,False,False,False
10,755.8794,68,65,1,12,True,False,True,False,False,False,True,False,False,False,True,False,True,False,True,False
10,1287.654,63,43,3,8,True,False,True,False,False,False,True,False,False,False,True,False,True,True,False,False
10,615.2648,25,39,4,3,False,True,False,True,False,False,False,True,False,False,True,True,False,True,False,False
10,346.7522,57,66,6,4,False,True,False,False,True,False,False,True,False,False,True,False,True,True,False,False
10,383.4878,36,58,1,3,False,True,False,True,False,False,False,True,False,False,True,False,True,False,True,False
10,1175.832,81,79,2,1,True,False,True,False,False,False,True,False,False,False,True,True,False,True,False,False
10,1379.595,68,70,8,6,True,False,True,False,False,False,False,True,False,False,True,True,False,False,True,False
10,1155.164,100,100,,14,True,False,True,False,False,False,False,False,True,False,False,False,False,False,False,False
10,469.1588,65,75,5,7,False,True,False,False,True,False,True,False,False,False,True,False,True,False,False,True
10,284.2319,44,61,6,13,False,True,False,True,False,False,False,True,False,False,True,True,False,False,True,False
10,1180.8,62,65,3,9,True,False,True,False,False,False,False,True,False,False,True,False,True,False,False,True
10,1286.412,100,100,,14,True,False,True,False,False,False,False,False,True,False,False,False,False,False,False,False
10,4.058275,94,100,7,15,False,True,False,False,False,True,False,True,False,False,True,False,True,False,False,True
10,626.2868,7,44,2,2,False,True,False,False,True,False,True,False,False,False,True,False,True,False,False,True
10,630.5327,73,78,5,15,True,False,True,False,False,False,False,True,False,False,True,True,False,True,False,False
10,306.954,28,21,1,4,False,True,False,True,False,False,False,True,False,False,True,True,False,False,True,False
10,1438.375,100,100,,13,True,False,True,False,False,False,False,False,True,False,False,False,False,False,False,False
10,3.480783,85,100,7,10,False,True,False,False,False,True,False,True,False,False,True,True,False,False,False,True
10,1014.9,42,60,5,2,True,False,True,False,False,False,True,False,False,False,True,False,True,True,False,False
10,283.9316,60,68,4,11,False,True,False,False,False,True,True,False,False,False,True,True,False,False,True,False
10,333.7062,34,36,8,13,False,True,False,True,False,False,False,True,False,False,True,False,True,False,False,True
10,1240.271,80,83,,13,True,False,True,False,False,False,False,False,True,False,False,False,False,False,False,False
11,1896.116,61,57,2,11,True,False,True,False,False,False,True,False,False,False,True,False,True,True,False,False
11,1159.507,100,100,,11,True,False,True,False,False,False,False,False,True,False,False,False,False,False,False,False
11,649.5275,29,28,6,15,True,False,True,False,False,False,False,True,False,False,True,False,True,False,True,False
11,922.465,16,23,2,11,False,True,False,False,False,True,True,False,False,False,True,True,False,False,False,True
11,1316.693,29,50,8,16,False,True,False,False,True,False,True,False,False,False,True,True,False,False,False,True
11,1396.553,99,99,,12,True,False,True,False,False,False,False,False,True,False,False,False,False,False,False,False
11,493.456,72,75,7,1,False,True,False,True,False,False,True,False,False,False,True,True,False,False,False,True
11,333.1209,31,40,8,14,False,True,False,False,True,False,False,True,False,False,True,False,True,False,True,False
11,1296.923,24,40,5,7,True,False,True,False,False,False,True,False,False,False,True,True,False,True,False,False
11,1526.25,57,58,7,13,True,False,True,False,False,False,False,True,False,False,True,True,False,True,False,False
11,1743.26,69,79,7,12,True,False,True,False,False,False,True,False,False,False,True,False,True,True,False,False
11,1566.417,76,80,1,14,True,False,True,False,False,False,False,True,False,False,True,True,False,False,False,True
11,613.2049,63,67,4,12,False,True,False,False,True,False,True,False,False,False,True,False,True,False,False,True
11,1435.742,90,95,,12,True,False,True,False,False,False,False,False,True,False,False,False,False,False,False,False
11,574.1632,23,52,6,10,False,True,False,False,True,False,False,True,False,False,True,True,False,True,False,False
11,496.6112,7,50,3,1,False,True,False,False,True,False,True,False,False,False,True,True,False,False,True,False
11,1261.494,50,50,,11,True,False,True,False,False,False,False,False,True,False,False,False,False,False,False,False
11,1172.005,100,100,,12,True,False,True,False,False,False,False,False,True,False,False,False,False,False,False,False
11,1140.733,100,100,,12,True,False,True,False,False,False,False,False,True,False,False,False,False,False,False,False
11,593.0095,37,61,5,4,False,True,False,False,True,False,False,True,False,False,True,True,False,False,False,True
11,1419.978,29,29,6,7,True,False,True,False,False,False,True,False,False,False,True,True,False,False,True,False
11,179.0648,67,89,2,8,False,True,False,False,True,False,True,False,False,False,True,False,True,False,True,False
11,1132.03,100,100,,13,True,False,True,False,False,False,False,False,True,False,False,False,False,False,False,False
11,809.0555,17,18,4,10,False,True,False,True,False,False,False,True,False,False,True,False,True,False,True,False
11,991.4003,8,50,1,16,False,True,False,False,True,False,True,False,False,False,True,True,False,False,True,False
11,1704.25,30,38,5,9,True,False,True,False,False,False,False,True,False,False,True,False,True,True,False,False
11,395.3638,23,60,1,5,False,True,False,False,True,False,True,False,False,False,True,False,True,False,False,True
11,1213.937,90,90,,13,True,False,True,False,False,False,False,False,True,False,False,False,False,False,False,False
11,610.0424,20,20,3,16,True,False,True,False,False,False,True,False,False,False,True,True,False,True,False,False
11,1582.513,63,71,3,6,True,False,True,False,False,False,False,True,False,False,True,True,False,False,False,True
11,215.4926,15,15,4,9,False,True,False,True,False,False,False,True,False,False,True,True,False,False,True,False
11,1437.733,95,95,,12,True,False,True,False,False,False,False,False,True,False,False,False,False,False,False,False
11,1736.096,65,65,2,8,True,False,True,False,False,False,True,False,False,False,True,True,False,False,False,True
11,1494.143,0,10,4,3,True,False,False,False,False,True,False,True,False,False,True,False,True,False,False,True
11,270.2681,21,50,8,5,False,True,False,False,False,True,True,False,False,False,True,True,False,True,False,False
11,416.634,50,96,7,5,False,True,False,False,True,False,True,False,False,False,True,False,True,False,True,False
11,645.4445,27,94,3,6,False,True,False,False,True,False,False,True,False,False,True,False,True,True,False,False
11,1429.47,61,64,,13,True,False,True,False,False,False,False,False,True,False,False,False,False,False,False,False
11,145.2005,13,21,8,14,False,True,False,True,False,False,False,True,False,False,True,False,True,True,False,False
11,1308.335,50,50,,13,True,False,True,False,False,False,False,False,True,False,False,False,False,False,False,False
11,37.59549,35,40,6,2,False,True,False,True,False,False,True,False,False,False,True,False,True,False,True,False
11,1550.892,100,100,,13,True,False,True,False,False,False,False,False,True,False,False,False,False,False,False,False
11,1795.446,63,65,1,12,True,False,True,False,False,False,True,False,False,False,True,False,True,False,True,False
11,399.4149,29,62,3,8,False,True,False,True,False,False,True,False,False,False,True,False,True,True,False,False
11,229.359,50,93,4,3,False,True,False,False,True,False,False,True,False,False,True,True,False,True,False,False
11,570.4939,60,80,6,4,False,True,False,False,True,False,False,True,False,False,True,False,True,True,False,False
11,190.2598,40,70,1,3,False,True,False,False,True,False,False,True,False,False,True,False,True,False,True,False
11,1422.961,40,30,2,1,True,False,True,False,False,False,True,False,False,False,True,True,False,True,False,False
11,385.8129,20,10,8,6,False,True,False,False,True,False,False,True,False,False,True,True,False,False,True,False
11,1126.617,100,100,,14,True,False,True,False,False,False,False,False,True,False,False,False,False,False,False,False
11,333.5225,30,50,5,7,False,True,False,True,False,False,True,False,False,False,True,False,True,False,False,True
11,1497.583,60,60,6,13,True,False,True,False,False,False,False,True,False,False,True,True,False,False,True,False
11,139.3859,20,50,3,9,False,True,False,True,False,False,False,True,False,False,True,False,True,False,False,True
11,1602.158,85,85,,14,True,False,True,False,False,False,False,False,True,False,False,False,False,False,False,False
11,1793.231,15,15,7,15,True,False,True,False,False,False,False,True,False,False,True,False,True,False,False,True
11,613.1005,10,40,2,2,False,True,False,True,False,False,True,False,False,False,True,False,True,False,False,True
11,164.4122,45,80,5,15,False,True,False,False,True,False,False,True,False,False,True,True,False,True,False,False
11,1442.425,20,20,1,4,True,False,True,False,False,False,False,True,False,False,True,True,False,False,True,False
11,1101.563,60,60,,13,True,False,True,False,False,False,False,False,True,False,False,False,False,False,False,False
11,990.5012,35,35,7,10,True,False,True,False,False,False,False,True,False,False,True,True,False,False,False,True
11,321.683,50,70,5,2,False,True,False,False,True,False,True,False,False,False,True,False,True,True,False,False
11,1760.938,55,55,4,11,True,False,True,False,False,False,True,False,False,False,True,True,False,False,True,False
11,1236.561,60,60,8,13,True,False,True,False,False,False,False,True,False,False,True,False,True,False,False,True
11,249.6534,45,75,,13,False,True,False,False,True,False,False,False,True,False,False,False,False,False,False,False
12,299.2024,50,24,2,14,False,True,False,False,True,False,False,True,False,False,True,False,True,False,True,False
12,1083.365,78,80,,12,True,False,True,False,False,False,False,False,True,False,False,False,False,False,False,False
12,1044.828,41,40,6,1,True,False,True,False,False,False,True,False,False,False,True,False,True,False,False,True
12,776.8696,14,20,2,15,False,True,False,True,False,False,False,True,False,False,True,True,False,True,False,False
12,144.6875,40,31,8,4,False,True,False,False,False,True,False,True,False,False,True,True,False,False,False,True
12,1178.88,41,38,,11,True,False,True,False,False,False,False,False,True,False,False,False,False,False,False,False
12,78.14272,50,75,7,3,False,True,False,False,True,False,False,True,False,False,True,True,False,True,False,False
12,1106.037,61,60,8,5,True,False,True,False,False,False,True,False,False,False,True,False,True,False,False,True
12,114.9658,20,25,5,10,False,True,False,True,False,False,False,True,False,False,True,True,False,True,False,False
12,1456.895,55,55,7,7,True,False,True,False,False,False,True,False,False,False,True,True,False,False,True,False
12,439.2418,60,50,7,4,False,True,False,False,True,False,False,True,False,False,True,False,True,True,False,False
12,1104.523,67,67,1,8,True,False,True,False,False,False,True,False,False,False,True,True,False,False,False,True
12,206.4561,70,62,4,9,False,True,False,True,False,False,False,True,False,False,True,False,True,False,False,True
12,1056.977,100,100,,12,True,False,True,False,False,False,False,False,True,False,False,False,False,False,False,False
12,240.2535,8,41,6,7,False,True,False,False,True,False,True,False,False,False,True,True,False,True,False,False
12,1255.529,91,88,3,6,True,False,True,False,False,False,False,True,False,False,True,True,False,False,False,True
12,1191.924,100,100,,12,True,False,True,False,False,False,False,False,True,False,False,False,False,False,False,False
12,926.354,79,80,,12,True,False,True,False,False,False,False,False,True,False,False,False,False,False,False,False
12,911.1273,85,86,,13,True,False,True,False,False,False,False,False,True,False,False,False,False,False,False,False
12,612.6198,49,62,5,5,False,True,False,False,True,False,True,False,False,False,True,True,False,True,False,False
12,917.2256,73,31,6,6,False,True,False,True,False,False,False,True,False,False,True,True,False,False,True,False
12,335.8362,41,71,2,13,False,True,False,False,True,False,False,True,False,False,True,False,True,False,False,True
12,994.127,100,100,,12,True,False,True,False,False,False,False,False,True,False,False,False,False,False,False,False
12,394.8019,42,41,4,8,False,True,False,False,True,False,True,False,False,False,True,False,True,False,True,False
12,872.8201,54,54,1,14,True,False,True,False,False,False,False,True,False,False,True,True,False,False,False,True
12,414.8551,45,34,5,8,False,True,False,True,False,False,True,False,False,False,True,False,True,True,False,False
12,802.0671,45,24,1,15,False,True,False,False,False,True,False,True,False,False,True,False,True,False,False,True
12,927.6323,100,100,,14,True,False,True,False,False,False,False,False,True,False,False,False,False,False,False,False
12,2.111265,39,43,3,13,False,True,False,False,True,False,False,True,False,False,True,True,False,True,False,False
12,383.019,83,83,3,16,True,False,True,False,False,False,True,False,False,False,True,True,False,False,False,True
12,324.5672,39,39,4,2,False,True,False,True,False,False,True,False,False,False,True,True,False,False,True,False
12,1017.003,100,100,,13,True,False,True,False,False,False,False,False,True,False,False,False,False,False,False,False
12,980.9955,42,42,2,10,True,False,True,False,False,False,False,True,False,False,True,True,False,False,False,True
12,1334.915,29,29,4,7,True,False,True,False,False,False,True,False,False,False,True,False,True,False,False,True
12,645.4898,41,43,8,4,False,True,False,False,True,False,False,True,False,False,True,True,False,False,True,False
12,355.8541,37,54,7,3,False,True,False,False,False,True,False,True,False,False,True,False,True,False,False,True
12,723.4999,54,58,3,11,False,True,False,False,True,False,True,False,False,False,True,False,True,True,False,False
12,1026.71,100,100,,13,True,False,True,False,False,False,False,False,True,False,False,False,False,False,False,False
12,920.3171,79,79,8,1,True,False,True,False,False,False,True,False,False,False,True,False,True,False,True,False
12,1195.315,95,95,,13,True,False,True,False,False,False,False,False,True,False,False,False,False,False,False,False
12,753.8354,32,32,6,3,True,False,True,False,False,False,False,True,False,False,True,False,True,False,True,False
12,895.1597,100,100,,11,True,False,True,False,False,False,False,False,True,False,False,False,False,False,False,False
12,907.1887,42,43,1,15,False,True,False,True,False,False,False,True,False,False,True,False,True,False,True,False
12,476.7016,30,34,3,9,False,True,False,False,True,False,False,True,False,False,True,False,True,True,False,False
12,412.2369,42,25,4,11,False,True,False,True,False,False,True,False,False,False,True,True,False,False,True,False
12,732.8013,40,40,6,12,True,False,True,False,False,False,True,False,False,False,True,False,True,False,True,False
12,607.8212,42,32,1,5,False,True,False,True,False,False,True,False,False,False,True,False,True,False,True,False
12,76.41102,35,46,2,13,False,True,False,True,False,False,False,True,False,False,True,True,False,False,True,False
12,634.6057,73,73,8,11,True,False,True,False,False,False,True,False,False,False,True,True,False,False,False,True
12,946.5047,100,100,,12,True,False,True,False,False,False,False,False,True,False,False,False,False,False,False,False
12,617.0755,36,45,5,6,False,True,False,False,True,False,False,True,False,False,True,False,True,True,False,False
12,912.8786,60,60,6,2,True,False,True,False,False,False,True,False,False,False,True,True,False,False,False,True
12,766.5948,59,59,3,12,True,False,True,False,False,False,True,False,False,False,True,False,True,False,False,True
12,1098.334,100,100,,13,True,False,True,False,False,False,False,False,True,False,False,False,False,False,False,False
12,718.6494,42,42,7,12,True,False,True,False,False,False,True,False,False,False,True,False,True,True,False,False
12,857.1161,90,91,2,14,True,False,True,False,False,False,False,True,False,False,True,False,True,True,False,False
12,800.4688,42,63,5,16,False,True,False,False,True,False,True,False,False,False,True,True,False,True,False,False
12,981.8654,59,51,1,16,False,True,False,True,False,False,True,False,False,False,True,True,False,False,True,False
12,1196.9,90,90,,14,True,False,True,False,False,False,False,False,True,False,False,False,False,False,False,False
12,596.0455,72,63,7,2,False,True,False,True,False,False,True,False,False,False,True,True,False,True,False,False
12,783.5532,46,27,5,10,False,True,False,False,True,False,False,True,False,False,True,False,True,False,True,False
12,955.8179,79,78,4,9,True,False,True,False,False,False,False,True,False,False,True,True,False,False,True,False
12,274.2189,54,59,8,1,False,True,False,True,False,False,True,False,False,False,True,False,True,True,False,False
12,943.1687,100,100,,13,True,False,True,False,False,False,False,False,True,False,False,False,False,False,False,False
13,1100.68,50,50,2,14,True,False,True,False,False,False,False,True,False,False,True,False,True,False,True,False
13,208.1471,50,88,,12,False,True,False,False,True,False,False,False,True,False,False,False,False,False,False,False
13,1103.529,50,50,6,1,True,False,True,False,False,False,True,False,False,False,True,False,True,False,False,True
13,1211.457,42,98,2,15,False,True,False,False,True,False,False,True,False,False,True,True,False,True,False,False
13,624.5463,65,88,8,4,False,True,False,False,False,True,False,True,False,False,True,True,False,False,False,True
13,1053.582,50,50,,11,True,False,True,False,False,False,False,False,True,False,False,False,False,False,False,False
13,303.8615,50,100,7,3,False,True,False,False,True,False,False,True,False,False,True,True,False,True,False,False
13,367.2403,50,68,8,5,False,True,False,True,False,False,True,False,False,False,True,False,True,False,False,True
13,214.5339,50,50,5,10,False,True,False,False,True,False,False,True,False,False,True,True,False,True,False,False
13,227.3269,16,50,7,7,False,True,False,False,False,True,True,False,False,False,True,True,False,False,True,False
13,290.2472,66,86,7,4,False,True,False,True,False,False,False,True,False,False,True,False,True,True,False,False
13,107.5357,50,100,1,8,False,True,False,True,False,False,True,False,False,False,True,True,False,False,False,True
13,416.5674,50,53,4,9,False,True,False,False,False,True,False,True,False,False,True,False,True,False,False,True
13,1108.929,97,100,,12,True,False,True,False,False,False,False,False,True,False,False,False,False,False,False,False
13,219.4225,50,50,6,7,False,True,False,False,False,True,True,False,False,False,True,True,False,True,False,False
13,619.128,9,7,3,6,True,False,False,False,False,True,False,True,False,False,True,True,False,False,False,True
13,1095.962,100,100,,12,True,False,True,False,False,False,False,False,True,False,False,False,False,False,False,False
13,1054.27,50,50,,12,True,False,True,False,False,False,False,False,True,False,False,False,False,False,False,False
13,1165.642,50,50,,13,True,False,True,False,False,False,False,False,True,False,False,False,False,False,False,False
13,387.2856,84,75,5,5,False,True,False,True,False,False,True,False,False,False,True,True,False,True,False,False
13,348.1288,65,69,6,6,False,True,False,True,False,False,False,True,False,False,True,True,False,False,True,False
13,300.7729,53,73,2,13,False,True,False,False,False,True,False,True,False,False,True,False,True,False,False,True
13,375.5734,3,4,,12,False,True,False,False,True,False,False,False,True,False,False,False,False,False,False,False
13,176.8133,27,38,4,8,False,True,False,True,False,False,True,False,False,False,True,False,True,False,True,False
13,266.1046,50,50,1,14,False,True,False,False,False,True,False,True,False,False,True,True,False,False,False,True
13,723.5148,50,85,5,8,False,True,False,False,False,True,True,False,False,False,True,False,True,True,False,False
13,1020.279,50,100,1,15,False,True,False,False,False,True,False,True,False,False,True,False,True,False,False,True
13,1247.734,50,50,,14,True,False,True,False,False,False,False,False,True,False,False,False,False,False,False,False
13,328.2303,50,100,3,13,False,True,False,False,True,False,False,True,False,False,True,True,False,True,False,False
13,818.4506,50,93,3,16,False,True,False,True,False,False,True,False,False,False,True,True,False,False,False,True
13,301.9169,3,4,4,2,False,True,False,False,True,False,True,False,False,False,True,True,False,False,True,False
13,1020.185,28,22,,13,True,False,True,False,False,False,False,False,True,False,False,False,False,False,False,False
13,196.1539,34,50,2,10,False,True,False,False,False,True,False,True,False,False,True,True,False,False,False,True
13,941.8,19,33,4,7,False,True,False,False,True,False,True,False,False,False,True,False,True,False,False,True
13,501.6104,50,97,8,4,False,True,False,True,False,False,False,True,False,False,True,True,False,False,True,False
13,884.9156,50,41,7,3,True,False,True,False,False,False,False,True,False,False,True,False,True,False,False,True
13,106.7408,50,50,3,11,False,True,False,False,False,True,True,False,False,False,True,False,True,True,False,False
13,1286.165,64,62,,13,True,False,True,False,False,False,False,False,True,False,False,False,False,False,False,False
13,555.7375,50,94,8,1,False,True,False,False,False,True,True,False,False,False,True,False,True,False,True,False
13,1029.042,29,32,,13,True,False,True,False,False,False,False,False,True,False,False,False,False,False,False,False
13,574.8745,50,62,6,3,False,True,False,False,True,False,False,True,False,False,True,False,True,False,True,False
13,1394.173,100,99,,11,True,False,True,False,False,False,False,False,True,False,False,False,False,False,False,False
13,832.282,10,20,1,15,False,True,False,False,True,False,False,True,False,False,True,False,True,False,True,False
13,648.9534,50,62,3,9,False,True,False,True,False,False,False,True,False,False,True,False,True,True,False,False
13,541.2894,50,69,4,11,False,True,False,False,False,True,True,False,False,False,True,True,False,False,True,False
13,801.902,24,9,6,12,True,False,True,False,False,False,True,False,False,False,True,False,True,False,True,False
13,441.9628,32,20,1,5,False,True,False,True,False,False,True,False,False,False,True,False,True,False,True,False
13,328.767,34,69,2,13,False,True,False,True,False,False,False,True,False,False,True,True,False,False,True,False
13,511.5193,27,10,8,11,False,True,False,False,True,False,True,False,False,False,True,True,False,False,False,True
13,1186.203,100,100,,12,True,False,True,False,False,False,False,False,True,False,False,False,False,False,False,False
13,265.6259,50,50,5,6,False,True,False,True,False,False,False,True,False,False,True,False,True,True,False,False
13,717.2653,50,50,6,2,True,False,True,False,False,False,True,False,False,False,True,True,False,False,False,True
13,266.1658,16,69,3,12,False,True,False,False,True,False,True,False,False,False,True,False,True,False,False,True
13,1095.903,50,50,,13,True,False,True,False,False,False,False,False,True,False,False,False,False,False,False,False
13,178.2297,36,24,7,12,False,True,False,False,True,False,True,False,False,False,True,False,True,True,False,False
13,109.1162,50,75,2,14,False,True,False,True,False,False,False,True,False,False,True,False,True,True,False,False
13,1016.619,29,33,5,16,False,True,False,False,False,True,True,False,False,False,True,True,False,True,False,False
13,431.2171,50,100,1,16,False,True,False,False,True,False,True,False,False,False,True,True,False,False,True,False
13,1304.956,100,100,,14,True,False,True,False,False,False,False,False,True,False,False,False,False,False,False,False
13,110.2309,50,58,7,2,False,True,False,True,False,False,True,False,False,False,True,True,False,True,False,False
13,566.2208,8,6,5,10,False,True,False,False,True,False,False,True,False,False,True,False,True,False,True,False
13,866.1788,25,69,4,9,False,True,False,True,False,False,False,True,False,False,True,True,False,False,True,False
13,173.1177,50,19,8,1,False,True,False,False,True,False,True,False,False,False,True,False,True,True,False,False
13,1169.131,100,100,,13,True,False,True,False,False,False,False,False,True,False,False,False,False,False,False,False
14,1284.472,70,70,12,1,True,False,True,False,False,False,False,True,False,False,True,True,False,False,False,True
14,1075.16,16,30,,2,True,False,False,False,True,False,False,False,True,False,False,False,False,False,False,False
14,344.9313,30,30,6,14,False,True,False,True,False,False,True,False,False,False,True,True,False,False,False,True
14,325.325,50,20,12,1,False,True,False,True,False,False,False,True,False,False,True,True,False,True,False,False
14,323.9524,20,15,3,2,False,True,False,True,False,False,False,True,False,False,True,False,True,True,False,False
14,1186.495,25,25,,2,True,False,True,False,False,False,False,False,True,False,False,False,False,False,False,False
14,263.2927,15,20,12,1,False,True,False,True,False,False,False,True,False,False,True,True,False,False,True,False
14,253.7113,20,50,7,2,False,True,False,False,False,True,False,True,False,False,True,False,True,False,False,True
14,423.8043,20,50,3,2,False,True,False,False,True,False,False,True,False,False,True,False,True,False,True,False
14,202.5411,20,30,13,3,False,True,False,True,False,False,True,False,False,False,True,False,True,False,True,False
14,278.2663,10,40,3,4,False,True,False,True,False,False,True,False,False,False,True,True,False,False,True,False
14,440.9365,10,30,2,3,False,True,False,False,True,False,True,False,False,False,True,True,False,True,False,False
14,420.0334,10,30,13,3,False,True,False,True,False,False,True,False,False,False,True,False,True,False,False,True
14,1293.916,60,60,,1,True,False,True,False,False,False,False,False,True,False,False,False,False,False,False,False
14,313.5596,10,50,5,12,False,True,False,False,False,True,False,True,False,False,True,False,True,False,True,False
14,4.177202,10,25,7,4,False,True,False,False,True,False,True,False,False,False,True,True,False,False,False,True
14,1246.928,50,50,,2,False,True,True,False,False,False,False,False,True,False,False,False,False,False,False,False
14,1224.666,70,80,,6,True,False,True,False,False,False,False,False,True,False,False,False,False,False,False,False
14,1178.297,80,80,,3,True,False,True,False,False,False,False,False,True,False,False,False,False,False,False,False
14,708.4452,40,30,4,4,False,True,False,True,False,False,True,False,False,False,True,False,True,True,False,False
14,113.5803,10,100,3,5,False,True,False,False,False,True,False,True,False,False,True,False,True,False,False,True
14,113.1376,10,25,4,5,False,True,False,False,True,False,False,True,False,False,True,True,False,True,False,False
14,1434.953,100,100,,1,True,False,True,False,False,False,False,False,True,False,False,False,False,False,False,False
14,324.8916,10,30,13,6,False,True,False,True,False,False,True,False,False,False,True,True,False,False,False,True
14,6.474211,10,30,1,7,False,True,False,True,False,False,False,True,False,False,True,False,True,False,False,True
14,280.1388,10,70,5,13,False,True,False,False,True,False,True,False,False,False,True,True,False,False,True,False
14,263.8845,10,30,4,8,False,True,False,True,False,False,False,True,False,False,True,True,False,False,False,True
14,1283.73,100,100,,5,True,False,True,False,False,False,False,False,True,False,False,False,False,False,False,False
14,146.061,10,70,12,6,False,True,False,True,False,False,True,False,False,False,True,False,True,True,False,False
14,450.6778,10,40,3,7,False,True,False,False,True,False,False,True,False,False,True,True,False,True,False,False
14,485.4879,10,40,13,9,False,True,False,False,True,False,True,False,False,False,True,False,True,False,False,True
14,1389.988,100,100,,8,True,False,True,False,False,False,False,False,True,False,False,False,False,False,False,False
14,409.6598,10,50,12,8,False,True,False,False,True,False,False,True,False,False,True,False,True,True,False,False
14,476.7739,10,50,6,9,False,True,False,True,False,False,True,False,False,False,True,False,True,True,False,False
14,315.5551,10,50,4,5,False,True,False,True,False,False,False,True,False,False,True,False,True,False,True,False
14,282.9742,10,25,8,10,False,True,False,False,True,False,True,False,False,False,True,True,False,True,False,False
14,203.4957,10,30,13,6,False,True,False,True,False,False,True,False,False,False,True,True,False,False,True,False
14,1192.917,100,100,,7,True,False,True,False,False,False,False,False,True,False,False,False,False,False,False,False
14,443.386,10,30,5,7,False,True,False,True,False,False,False,True,False,False,True,True,False,False,True,False
14,1303.238,90,90,,7,True,False,True,False,False,False,False,False,True,False,False,False,False,False,False,False
14,400.63,10,90,1,8,False,True,False,False,False,True,False,True,False,False,True,False,True,False,True,False
14,1323.831,100,100,,6,True,False,True,False,False,False,False,False,True,False,False,False,False,False,False,False
14,591.4013,10,30,4,10,False,True,False,True,False,False,True,False,False,False,True,True,False,False,False,True
14,478.2449,10,30,1,9,False,True,False,True,False,False,True,False,False,False,True,True,False,False,True,False
14,593.1658,10,41,5,10,False,True,False,True,False,False,True,False,False,False,True,False,True,False,True,False
14,436.0778,10,20,6,11,False,True,False,False,True,False,False,True,False,False,True,True,False,False,True,False
14,4.879495,10,25,1,11,False,True,False,False,False,True,False,True,False,False,True,True,False,False,False,True
14,531.0938,10,71,12,12,False,True,False,False,False,True,False,True,False,False,True,False,True,False,False,True
14,287.8823,10,50,2,13,False,True,False,False,True,False,True,False,False,False,True,False,True,False,False,True
14,1240.125,100,100,,7,True,False,True,False,False,False,False,False,True,False,False,False,False,False,False,False
14,571.0756,10,30,4,11,False,True,False,True,False,False,False,True,False,False,True,False,True,True,False,False
14,703.5946,10,60,11,15,False,True,False,True,False,False,True,False,False,False,True,False,True,False,False,True
14,305.2733,10,30,6,12,False,True,False,False,False,True,False,True,False,False,True,False,True,True,False,False
14,1180.819,100,100,,7,True,False,True,False,False,False,False,False,True,False,False,False,False,False,False,False
14,276.6138,9,50,11,13,False,True,False,False,False,True,True,False,False,False,True,True,False,True,False,False
14,705.0211,10,30,2,14,False,True,False,False,False,True,True,False,False,False,True,False,True,True,False,False
14,299.4113,10,30,14,14,False,True,False,False,True,False,True,False,False,False,True,False,True,False,True,False
14,882.6989,7,18,5,16,False,True,False,True,False,False,False,True,False,False,True,True,False,False,False,True
14,1200.446,100,100,,8,True,False,True,False,False,False,False,False,True,False,False,False,False,False,False,False
14,701.5546,6,50,8,15,False,True,False,False,True,False,True,False,False,False,True,True,False,True,False,False
14,803.2257,9,61,8,15,False,True,False,False,True,False,True,False,False,False,True,False,True,False,True,False
14,771.9567,9,61,13,16,False,True,False,False,True,False,False,True,False,False,True,True,False,False,True,False
14,793.9136,30,50,14,16,False,True,False,False,False,True,False,True,False,False,True,True,False,True,False,False
14,1141.731,100,90,,8,True,False,True,False,False,False,False,False,True,False,False,False,False,False,False,False
15,286.8549,20,31,12,1,False,True,False,True,False,False,False,True,False,False,True,True,False,False,False,True
15,1210.684,63,50,,2,True,False,True,False,False,False,False,False,True,False,False,False,False,False,False,False
15,546.4322,25,29,6,14,False,True,False,False,True,False,True,False,False,False,True,True,False,False,False,True
15,396.8582,32,50,12,1,False,True,False,False,True,False,False,True,False,False,True,True,False,True,False,False
15,345.2364,25,31,3,2,False,True,False,False,True,False,False,True,False,False,True,False,True,True,False,False
15,1168.305,44,36,,2,True,False,True,False,False,False,False,False,True,False,False,False,False,False,False,False
15,485.3547,19,25,12,1,False,True,False,True,False,False,False,True,False,False,True,True,False,False,True,False
15,336.0341,20,19,7,2,False,True,False,False,False,True,False,True,False,False,True,False,True,False,False,True
15,522.3544,27,16,3,2,False,True,False,False,False,True,False,True,False,False,True,False,True,False,True,False
15,369.8078,50,50,13,3,False,True,False,False,True,False,True,False,False,False,True,False,True,False,True,False
15,457.3114,24,21,3,4,False,True,False,True,False,False,True,False,False,False,True,True,False,False,True,False
15,1101.959,26,21,2,3,False,True,False,False,True,False,True,False,False,False,True,True,False,True,False,False
15,1020.953,22,20,13,3,False,True,False,False,False,True,True,False,False,False,True,False,True,False,False,True
15,1248.551,50,50,,1,True,False,True,False,False,False,False,False,True,False,False,False,False,False,False,False
15,207.7844,22,23,5,12,False,True,False,False,False,True,False,True,False,False,True,False,True,False,True,False
15,381.4669,21,26,7,4,False,True,False,False,False,True,True,False,False,False,True,True,False,False,False,True
15,1127.105,50,50,,2,True,False,True,False,False,False,False,False,True,False,False,False,False,False,False,False
15,1225.482,31,24,,6,True,False,True,False,False,False,False,False,True,False,False,False,False,False,False,False
15,279.7465,21,21,,3,False,True,False,False,True,False,False,False,True,False,False,False,False,False,False,False
15,469.0133,50,50,4,4,False,True,False,False,True,False,True,False,False,False,True,False,True,True,False,False
15,664.1225,26,50,3,5,False,True,False,True,False,False,False,True,False,False,True,False,True,False,False,True
15,791.2869,27,50,4,5,False,True,False,False,True,False,False,True,False,False,True,True,False,True,False,False
15,1179.974,77,74,,1,True,False,True,False,False,False,False,False,True,False,False,False,False,False,False,False
15,1447.326,50,50,13,6,False,True,False,True,False,False,True,False,False,False,True,True,False,False,False,True
15,313.7964,16,27,1,7,False,True,False,True,False,False,False,True,False,False,True,False,True,False,False,True
15,1250.036,63,50,5,13,False,True,False,False,False,True,True,False,False,False,True,True,False,False,True,False
15,224.6267,31,54,4,8,False,True,False,True,False,False,False,True,False,False,True,True,False,False,False,True
15,1211.719,71,50,,5,True,False,True,False,False,False,False,False,True,False,False,False,False,False,False,False
15,301.5325,36,66,12,6,False,True,False,False,True,False,True,False,False,False,True,False,True,True,False,False
15,1471.206,50,18,3,7,False,True,False,False,False,True,False,True,False,False,True,True,False,True,False,False
15,690.6075,27,25,13,9,False,True,False,False,False,True,True,False,False,False,True,False,True,False,False,True
15,1179.509,50,50,,8,True,False,True,False,False,False,False,False,True,False,False,False,False,False,False,False
15,238.1895,23,50,12,8,False,True,False,True,False,False,False,True,False,False,True,False,True,True,False,False
15,129.1375,37,29,6,9,False,True,False,True,False,False,True,False,False,False,True,False,True,True,False,False
15,574.9288,54,25,4,5,False,True,False,True,False,False,False,True,False,False,True,False,True,False,True,False
15,1149.238,50,24,8,10,False,True,False,False,False,True,True,False,False,False,True,True,False,True,False,False
15,392.6818,25,36,13,6,False,True,False,False,False,True,True,False,False,False,True,True,False,False,True,False
15,1174.74,50,50,,7,True,False,True,False,False,False,False,False,True,False,False,False,False,False,False,False
15,1574.486,32,24,5,7,False,True,True,False,False,False,False,True,False,False,True,True,False,False,True,False
15,1103.424,69,50,,7,True,False,True,False,False,False,False,False,True,False,False,False,False,False,False,False
15,613.5963,44,50,1,8,False,True,False,True,False,False,False,True,False,False,True,False,True,False,True,False
15,1406.797,100,92,,6,True,False,True,False,False,False,False,False,True,False,False,False,False,False,False,False
15,399.5878,27,50,4,10,False,True,False,False,True,False,True,False,False,False,True,True,False,False,False,True
15,892.4236,40,50,1,9,False,True,False,False,True,False,True,False,False,False,True,True,False,False,True,False
15,808.1632,38,34,5,10,False,True,False,False,False,True,True,False,False,False,True,False,True,False,True,False
15,1859.483,50,30,6,11,False,True,False,False,False,True,False,True,False,False,True,True,False,False,True,False
15,405.0274,50,78,1,11,False,True,False,False,False,True,False,True,False,False,True,True,False,False,False,True
15,250.5715,50,78,12,12,False,True,False,False,False,True,False,True,False,False,True,False,True,False,False,True
15,1434.403,69,50,2,13,False,True,False,True,False,False,True,False,False,False,True,False,True,False,False,True
15,1323.335,52,50,,7,True,False,True,False,False,False,False,False,True,False,False,False,False,False,False,False
15,309.1592,50,50,4,11,False,True,False,False,False,True,False,True,False,False,True,False,True,True,False,False
15,1898.771,71,32,11,15,False,True,True,False,False,False,True,False,False,False,True,False,True,False,False,True
15,579.7079,73,21,6,12,False,True,False,False,True,False,False,True,False,False,True,False,True,True,False,False
15,1352.944,18,78,,7,False,True,True,False,False,False,False,False,True,False,False,False,False,False,False,False
15,137.9491,59,50,11,13,False,True,False,False,True,False,True,False,False,False,True,True,False,True,False,False
15,1091.44,50,50,2,14,False,True,False,False,False,True,True,False,False,False,True,False,True,True,False,False
15,751.8544,50,50,14,14,False,True,False,True,False,False,True,False,False,False,True,False,True,False,True,False
15,1433.551,17,20,5,16,False,True,False,True,False,False,False,True,False,False,True,True,False,False,False,True
15,1420.413,100,100,,8,True,False,True,False,False,False,False,False,True,False,False,False,False,False,False,False
15,1399.204,50,50,8,15,False,True,False,False,False,True,True,False,False,False,True,True,False,True,False,False
15,1812.755,50,22,8,15,False,True,False,True,False,False,True,False,False,False,True,False,True,False,True,False
15,1894.593,24,14,13,16,False,True,True,False,False,False,False,True,False,False,True,True,False,False,True,False
15,468.601,50,50,14,16,False,True,False,False,True,False,False,True,False,False,True,True,False,True,False,False
15,1451.191,87,84,,8,True,False,True,False,False,False,False,False,True,False,False,False,False,False,False,False
16,18.1332,5,40,4,6,False,True,False,False,True,False,True,False,False,False,True,False,True,False,False,True
16,1367.685,0,78,,2,False,True,True,False,False,False,False,False,True,False,False,False,False,False,False,False
16,419.9731,62,100,1,11,False,True,False,False,False,True,False,True,False,False,True,False,True,False,False,True
16,2.586736,32,81,4,10,False,True,False,False,False,True,True,False,False,False,True,True,False,False,True,False
16,543.2112,21,63,6,9,False,True,False,True,False,False,True,False,False,False,True,True,False,False,False,True
16,1298.591,100,100,,2,True,False,True,False,False,False,False,False,True,False,False,False,False,False,False,False
16,393.2278,28,73,1,9,False,True,False,False,True,False,True,False,False,False,True,True,False,True,False,False
16,394.1938,36,87,5,8,False,True,False,False,False,True,False,True,False,False,True,False,True,False,False,True
16,545.8428,44,92,5,15,False,True,False,False,False,True,True,False,False,False,True,True,False,False,True,False
16,1294.745,78,75,7,8,False,True,False,True,False,False,False,True,False,False,True,True,False,False,True,False
16,283.4299,67,78,3,13,False,True,False,False,False,True,True,False,False,False,True,False,True,True,False,False
16,483.776,60,90,6,11,False,True,False,False,True,False,False,True,False,False,True,True,False,True,False,False
16,566.0919,36,75,3,15,False,True,False,True,False,False,True,False,False,False,True,False,True,True,False,False
16,1170.803,78,87,,1,True,False,True,False,False,False,False,False,True,False,False,False,False,False,False,False
16,327.527,32,74,4,2,False,True,False,True,False,False,False,True,False,False,True,True,False,False,True,False
16,320.216,38,88,5,4,False,True,False,True,False,False,True,False,False,False,True,True,False,True,False,False
16,470.8752,37,68,,2,False,True,False,False,False,True,False,False,True,False,False,False,False,False,False,False
16,1090.248,74,94,,6,True,False,True,False,False,False,False,False,True,False,False,False,False,False,False,False
16,1108.047,71,72,,3,True,False,True,False,False,False,False,False,True,False,False,False,False,False,False,False
16,231.5107,40,81,1,2,False,True,False,False,True,False,False,True,False,False,True,True,False,True,False,False
16,503.9101,61,91,13,3,False,True,False,False,True,False,True,False,False,False,True,True,False,False,True,False
16,199.1742,68,90,1,3,False,True,False,True,False,False,True,False,False,False,True,False,True,True,False,False
16,1150.921,66,76,,1,True,False,True,False,False,False,False,False,True,False,False,False,False,False,False,False
16,944.2625,56,71,6,16,False,True,False,False,False,True,False,True,False,False,True,False,True,False,False,True
16,803.2257,44,79,12,15,False,True,False,True,False,False,True,False,False,False,True,True,False,False,False,True
16,634.6796,74,84,2,11,False,True,False,True,False,False,False,True,False,False,True,False,True,False,True,False
16,209.2259,30,69,5,4,False,True,False,False,True,False,True,False,False,False,True,False,True,False,False,True
16,1426.663,72,84,,5,True,False,True,False,False,False,False,False,True,False,False,False,False,False,False,False
16,67.09478,32,87,11,14,False,True,False,False,False,True,True,False,False,False,True,True,False,True,False,False
16,359.224,28,72,12,8,False,True,False,False,True,False,False,True,False,False,True,True,False,True,False,False
16,267.6029,39,83,3,2,False,True,False,False,False,True,False,True,False,False,True,True,False,False,False,True
16,1116.541,78,81,,8,True,False,True,False,False,False,False,False,True,False,False,False,False,False,False,False
16,666.7806,25,63,13,6,False,True,False,False,True,False,True,False,False,False,True,True,False,True,False,False
16,444.1987,42,87,8,7,False,True,False,False,True,False,False,True,False,False,True,False,True,True,False,False
16,474.5832,36,61,14,3,False,True,False,False,True,False,True,False,False,False,True,True,False,False,False,True
16,695.2625,31,82,4,14,False,True,False,True,False,False,True,False,False,False,True,False,True,False,False,True
16,532.6982,40,78,12,7,False,True,False,True,False,False,False,True,False,False,True,False,True,False,True,False
16,1377.883,65,61,,7,True,False,True,False,False,False,False,False,True,False,False,False,False,False,False,False
16,258.4245,43,69,11,1,False,True,False,True,False,False,False,True,False,False,True,False,True,False,True,False
16,1185.428,77,83,,7,True,False,True,False,False,False,False,False,True,False,False,False,False,False,False,False
16,415.4814,41,71,14,10,False,True,False,False,True,False,True,False,False,False,True,False,True,False,False,True
16,1342.807,84,89,,6,True,False,True,False,False,False,False,False,True,False,False,False,False,False,False,False
16,417.5384,61,81,6,6,False,True,False,False,True,False,True,False,False,False,True,False,True,False,True,False
16,104.6237,45,68,4,13,False,True,False,True,False,False,True,False,False,False,True,False,True,False,True,False
16,899.7905,37,85,2,5,False,True,False,False,False,True,False,True,False,False,True,True,False,False,True,False
16,730.3556,46,65,13,16,False,True,False,True,False,False,False,True,False,False,True,False,True,False,True,False
16,729.1716,52,78,13,1,False,True,False,False,False,True,False,True,False,False,True,False,True,False,False,True
16,338.734,33,70,4,13,False,True,False,False,True,False,True,False,False,False,True,True,False,False,False,True
16,356.6303,42,71,12,5,False,True,False,False,False,True,False,True,False,False,True,True,False,False,False,True
16,1153.908,85,93,,7,True,False,True,False,False,False,False,False,True,False,False,False,False,False,False,False
16,149.955,57,85,7,10,False,True,False,False,False,True,True,False,False,False,True,False,True,True,False,False
16,299.8568,35,69,8,7,False,True,False,False,False,True,False,True,False,False,True,True,False,False,False,True
16,354.5105,42,85,2,5,False,True,False,False,True,False,False,True,False,False,True,False,True,True,False,False
16,1183.563,80,82,,7,True,False,True,False,False,False,False,False,True,False,False,False,False,False,False,False
16,939.8407,35,62,13,16,False,True,False,True,False,False,False,True,False,False,True,False,True,True,False,False
16,572.8593,40,54,12,4,False,True,False,False,False,True,True,False,False,False,True,False,True,False,True,False
16,337.6349,39,65,8,12,False,True,False,False,False,True,False,True,False,False,True,True,False,False,True,False
16,185.4192,42,77,13,12,False,True,False,False,False,True,False,True,False,False,True,True,False,False,False,True
16,1328.313,91,91,,8,True,False,True,False,False,False,False,False,True,False,False,False,False,False,False,False
16,434.0585,49,57,5,12,False,True,False,False,True,False,False,True,False,False,True,True,False,True,False,False
16,546.6981,59,86,3,9,False,True,False,False,True,False,True,False,False,False,True,False,True,False,True,False
16,192.9869,27,62,3,14,False,True,False,True,False,False,True,False,False,False,True,True,False,False,True,False
16,136.6164,59,76,12,1,False,True,False,False,True,False,False,True,False,False,True,False,True,True,False,False
16,1272.349,75,77,,8,True,False,True,False,False,False,False,False,True,False,False,False,False,False,False,False
17,11.47197,10,78,4,6,False,True,False,False,True,False,True,False,False,False,True,False,True,False,False,True
17,1231.963,65,40,,2,True,False,True,False,False,False,False,False,True,False,False,False,False,False,False,False
17,4.297154,9,65,1,11,False,True,False,False,False,True,False,True,False,False,True,False,True,False,False,True
17,5.208143,5,52,4,10,False,True,False,False,False,True,True,False,False,False,True,True,False,False,True,False
17,992.8846,50,50,6,9,True,False,True,False,False,False,True,False,False,False,True,True,False,False,False,True
17,1103.085,92,92,,2,True,False,True,False,False,False,False,False,True,False,False,False,False,False,False,False
17,501.8011,9,93,1,9,False,True,False,False,False,True,True,False,False,False,True,True,False,True,False,False
17,422.7954,7,90,5,8,False,True,False,False,False,True,False,True,False,False,True,False,True,False,False,True
17,551.3104,0,7,5,15,False,True,False,True,False,False,True,False,False,False,True,True,False,False,True,False
17,1277.447,67,66,7,8,True,False,True,False,False,False,False,True,False,False,True,True,False,False,True,False
17,294.0747,52,53,3,13,False,True,False,False,False,True,True,False,False,False,True,False,True,True,False,False
17,669.1605,65,55,6,11,True,False,True,False,False,False,False,True,False,False,True,True,False,True,False,False
17,1071.723,11,75,3,15,False,True,False,True,False,False,True,False,False,False,True,False,True,True,False,False
17,1243.164,60,55,,1,True,False,True,False,False,False,False,False,True,False,False,False,False,False,False,False
17,489.3724,8,10,4,2,False,True,False,True,False,False,False,True,False,False,True,True,False,False,True,False
17,1084.029,87,85,5,4,True,False,True,False,False,False,True,False,False,False,True,True,False,True,False,False
17,1020.952,99,98,,2,True,False,True,False,False,False,False,False,True,False,False,False,False,False,False,False
17,1185.885,98,97,,6,True,False,True,False,False,False,False,False,True,False,False,False,False,False,False,False
17,1137.963,96,96,,3,True,False,True,False,False,False,False,False,True,False,False,False,False,False,False,False
17,326.3304,4,52,1,2,False,True,False,True,False,False,False,True,False,False,True,True,False,True,False,False
17,820.3108,50,50,13,3,True,False,True,False,False,False,True,False,False,False,True,True,False,False,True,False
17,417.6814,15,50,1,3,False,True,False,False,False,True,True,False,False,False,True,False,True,True,False,False
17,931.5691,100,100,,1,True,False,True,False,False,False,False,False,True,False,False,False,False,False,False,False
17,1157.566,15,80,6,16,False,True,False,False,False,True,False,True,False,False,True,False,True,False,False,True
17,421.291,15,22,12,15,True,False,True,False,False,False,True,False,False,False,True,True,False,False,False,True
17,639.7897,60,75,2,11,False,True,False,False,True,False,False,True,False,False,True,False,True,False,True,False
17,530.7249,11,53,5,4,False,True,False,False,False,True,True,False,False,False,True,False,True,False,False,True
17,1176.991,100,100,,5,True,False,True,False,False,False,False,False,True,False,False,False,False,False,False,False
17,213.6679,10,50,11,14,False,True,False,True,False,False,True,False,False,False,True,True,False,True,False,False
17,474.7603,55,55,12,8,False,True,False,False,True,False,False,True,False,False,True,True,False,True,False,False
17,399.6082,11,70,3,2,False,True,False,False,False,True,False,True,False,False,True,True,False,False,False,True
17,1099.455,100,100,,8,True,False,True,False,False,False,False,False,True,False,False,False,False,False,False,False
17,852.9191,1,2,13,6,False,True,False,False,True,False,True,False,False,False,True,True,False,True,False,False
17,335.2172,50,60,8,7,False,True,False,False,False,True,False,True,False,False,True,False,True,True,False,False
17,447.1268,6,11,14,3,False,True,False,True,False,False,True,False,False,False,True,True,False,False,False,True
17,417.8024,50,50,4,14,False,True,False,False,False,True,True,False,False,False,True,False,True,False,False,True
17,1600.384,40,40,12,7,True,False,True,False,False,False,False,True,False,False,True,False,True,False,True,False
17,1200.158,100,95,,7,True,False,True,False,False,False,False,False,True,False,False,False,False,False,False,False
17,497.0137,9,10,11,1,False,True,False,True,False,False,False,True,False,False,True,False,True,False,True,False
17,1124.325,100,100,,7,True,False,True,False,False,False,False,False,True,False,False,False,False,False,False,False
17,596.3999,12,53,14,10,False,True,False,True,False,False,True,False,False,False,True,False,True,False,False,True
17,1116.958,100,100,,6,True,False,True,False,False,False,False,False,True,False,False,False,False,False,False,False
17,404.97,11,22,6,6,False,True,False,False,False,True,True,False,False,False,True,False,True,False,True,False
17,420.9547,50,50,4,13,False,True,False,False,False,True,True,False,False,False,True,False,True,False,True,False
17,1256.886,50,50,2,5,True,False,True,False,False,False,False,True,False,False,True,True,False,False,True,False
17,949.3264,11,5,13,16,False,True,False,False,True,False,False,True,False,False,True,False,True,False,True,False
17,520.1987,20,50,13,1,False,True,False,False,False,True,False,True,False,False,True,False,True,False,False,True
17,1250.93,100,85,4,13,True,False,True,False,False,False,True,False,False,False,True,True,False,False,False,True
17,401.329,10,11,12,5,False,True,False,False,True,False,False,True,False,False,True,True,False,False,False,True
17,1195.033,100,100,,7,True,False,True,False,False,False,False,False,True,False,False,False,False,False,False,False
17,669.3533,53,50,7,10,False,True,False,True,False,False,True,False,False,False,True,False,True,True,False,False
17,535.1329,10,9,8,7,False,True,False,False,True,False,False,True,False,False,True,True,False,False,False,True
17,395.004,13,50,2,5,False,True,False,False,True,False,False,True,False,False,True,False,True,True,False,False
17,1219.019,100,100,,7,True,False,True,False,False,False,False,False,True,False,False,False,False,False,False,False
17,487.7461,15,55,13,16,False,True,False,False,True,False,False,True,False,False,True,False,True,True,False,False
17,393.8777,50,75,12,4,False,True,False,False,False,True,True,False,False,False,True,False,True,False,True,False
17,242.815,3,28,8,12,False,True,False,True,False,False,False,True,False,False,True,True,False,False,True,False
17,1078.468,50,50,13,12,True,False,True,False,False,False,False,True,False,False,True,True,False,False,False,True
17,1203.36,100,100,,8,True,False,True,False,False,False,False,False,True,False,False,False,False,False,False,False
17,238.4962,8,21,5,12,False,True,False,True,False,False,False,True,False,False,True,True,False,True,False,False
17,331.2807,7,12,3,9,False,True,False,True,False,False,True,False,False,False,True,False,True,False,True,False
17,1130.645,76,75,3,14,True,False,True,False,False,False,True,False,False,False,True,True,False,False,True,False
17,251.4175,13,14,12,1,False,True,False,False,True,False,False,True,False,False,True,False,True,True,False,False
17,1161.451,100,94,,8,True,False,True,False,False,False,False,False,True,False,False,False,False,False,False,False
18,154.8984,0,60,2,11,False,True,False,False,False,True,True,False,False,False,True,False,True,True,False,False
18,1388.066,100,100,,11,True,False,True,False,False,False,False,False,True,False,False,False,False,False,False,False
18,608.501,71,93,6,15,False,True,False,False,True,False,False,True,False,False,True,False,True,False,True,False
18,993.7868,50,80,2,11,False,True,False,True,False,False,True,False,False,False,True,True,False,False,False,True
18,1903.82,50,50,8,16,True,False,True,False,False,False,True,False,False,False,True,True,False,False,False,True
18,1322.582,100,100,,12,True,False,True,False,False,False,False,False,True,False,False,False,False,False,False,False
18,563.178,33,73,7,1,False,True,False,True,False,False,True,False,False,False,True,True,False,False,False,True
18,207.2576,50,80,8,14,False,True,False,False,True,False,False,True,False,False,True,False,True,False,True,False
18,620.9648,50,88,5,7,False,True,False,False,True,False,True,False,False,False,True,True,False,True,False,False
18,1441.846,98,99,7,13,True,False,True,False,False,False,False,True,False,False,True,True,False,True,False,False
18,550.2818,50,50,7,12,False,True,False,True,False,False,True,False,False,False,True,False,True,True,False,False
18,223.3203,50,100,1,14,False,True,False,False,False,True,False,True,False,False,True,True,False,False,False,True
18,130.2926,50,100,4,12,False,True,False,False,True,False,True,False,False,False,True,False,True,False,False,True
18,1142.046,100,100,,12,True,False,True,False,False,False,False,False,True,False,False,False,False,False,False,False
18,407.6614,50,50,6,10,False,True,False,True,False,False,False,True,False,False,True,True,False,True,False,False
18,1500.715,89,97,3,1,True,False,True,False,False,False,True,False,False,False,True,True,False,False,True,False
18,1365.639,100,100,,11,True,False,True,False,False,False,False,False,True,False,False,False,False,False,False,False
18,1058.822,100,100,,12,True,False,True,False,False,False,False,False,True,False,False,False,False,False,False,False
18,1189.415,100,100,,12,True,False,True,False,False,False,False,False,True,False,False,False,False,False,False,False
18,386.4944,50,100,5,4,False,True,False,False,False,True,False,True,False,False,True,True,False,False,False,True
18,292.5352,50,84,6,7,False,True,False,True,False,False,True,False,False,False,True,True,False,False,True,False
18,537.3304,50,100,2,8,False,True,False,False,True,False,True,False,False,False,True,False,True,False,True,False
18,1347.965,100,100,,13,True,False,True,False,False,False,False,False,True,False,False,False,False,False,False,False
18,634.9338,50,100,4,10,False,True,False,True,False,False,False,True,False,False,True,False,True,False,True,False
18,1251.37,50,91,1,16,False,True,False,True,False,False,True,False,False,False,True,True,False,False,True,False
18,612.3989,50,100,5,9,False,True,False,False,True,False,False,True,False,False,True,False,True,True,False,False
18,564.8544,50,100,1,5,False,True,False,False,True,False,True,False,False,False,True,False,True,False,False,True
18,1290.428,100,100,,13,True,False,True,False,False,False,False,False,True,False,False,False,False,False,False,False
18,885.6294,50,100,3,16,False,True,False,True,False,False,True,False,False,False,True,True,False,True,False,False
18,461.4431,69,100,3,6,False,True,False,False,False,True,False,True,False,False,True,True,False,False,False,True
18,672.6867,50,88,4,9,False,True,False,True,False,False,False,True,False,False,True,True,False,False,True,False
18,1181.86,100,100,,12,True,False,True,False,False,False,False,False,True,False,False,False,False,False,False,False
18,353.654,69,88,2,8,False,True,False,False,False,True,True,False,False,False,True,True,False,False,False,True
18,1043.12,86,90,4,3,True,False,True,False,False,False,False,True,False,False,True,False,True,False,False,True
18,32.98043,50,87,8,5,False,True,False,False,False,True,True,False,False,False,True,True,False,True,False,False
18,573.9657,50,100,7,5,False,True,False,False,True,False,True,False,False,False,True,False,True,False,True,False
18,833.3761,50,100,3,6,False,True,False,False,True,False,False,True,False,False,True,False,True,True,False,False
18,1264.369,100,100,,13,True,False,True,False,False,False,False,False,True,False,False,False,False,False,False,False
18,391.9312,34,100,8,14,False,True,False,False,True,False,False,True,False,False,True,False,True,True,False,False
18,1175.836,100,100,,13,True,False,True,False,False,False,False,False,True,False,False,False,False,False,False,False
18,108.8709,50,100,6,2,False,True,False,False,False,True,True,False,False,False,True,False,True,False,True,False
18,1389.105,100,100,,13,True,False,True,False,False,False,False,False,True,False,False,False,False,False,False,False
18,2.91225,13,56,1,12,False,True,False,False,False,True,True,False,False,False,True,False,True,False,True,False
18,521.4203,50,83,3,8,False,True,False,True,False,False,True,False,False,False,True,False,True,True,False,False
18,472.0849,31,92,4,3,False,True,False,False,True,False,False,True,False,False,True,True,False,True,False,False
18,192.8336,34,100,6,4,False,True,False,False,True,False,False,True,False,False,True,False,True,True,False,False
18,368.9535,14,100,1,3,False,True,False,True,False,False,False,True,False,False,True,False,True,False,True,False
18,425.9657,10,82,2,1,False,True,False,False,False,True,True,False,False,False,True,True,False,True,False,False
18,470.4326,50,96,8,6,False,True,False,True,False,False,False,True,False,False,True,True,False,False,True,False
18,1328.585,100,100,,14,True,False,True,False,False,False,False,False,True,False,False,False,False,False,False,False
18,292.9725,50,100,5,7,False,True,False,True,False,False,True,False,False,False,True,False,True,False,False,True
18,63.48772,50,91,6,13,False,True,False,True,False,False,False,True,False,False,True,True,False,False,True,False
18,213.4992,60,100,3,9,False,True,False,False,False,True,False,True,False,False,True,False,True,False,False,True
18,1337.369,100,86,,14,True,False,True,False,False,False,False,False,True,False,False,False,False,False,False,False
18,470.8859,50,55,7,15,False,True,False,False,False,True,False,True,False,False,True,False,True,False,False,True
18,271.2197,50,91,2,2,False,True,False,True,False,False,True,False,False,False,True,False,True,False,False,True
18,616.8431,100,100,5,15,False,True,True,False,False,False,False,True,False,False,True,True,False,True,False,False
18,275.8947,50,97,1,4,False,True,False,True,False,False,False,True,False,False,True,True,False,False,True,False
18,1361.716,100,100,,13,True,False,True,False,False,False,False,False,True,False,False,False,False,False,False,False
18,412.2091,50,100,7,10,False,True,False,False,False,True,False,True,False,False,True,True,False,False,False,True
18,160.5147,50,97,5,2,False,True,False,False,True,False,True,False,False,False,True,False,True,True,False,False
18,119.6852,27,90,4,11,False,True,False,True,False,False,True,False,False,False,True,True,False,False,True,False
18,401.7021,50,100,8,13,False,True,False,False,False,True,False,True,False,False,True,False,True,False,False,True
18,1309.629,100,100,,13,True,False,True,False,False,False,False,False,True,False,False,False,False,False,False,False
19,679.5754,4,85,2,11,False,True,False,True,False,False,True,False,False,False,True,False,True,True,False,False
19,1290.763,97,93,,11,True,False,True,False,False,False,False,False,True,False,False,False,False,False,False,False
19,629.3677,11,22,6,15,False,True,False,False,False,True,False,True,False,False,True,False,True,False,True,False
19,416.7471,20,30,2,11,False,True,False,True,False,False,True,False,False,False,True,True,False,False,False,True
19,769.2477,50,50,8,16,False,True,False,True,False,False,True,False,False,False,True,True,False,False,False,True
19,1312.631,100,100,,12,True,False,True,False,False,False,False,False,True,False,False,False,False,False,False,False
19,252.2815,26,12,7,1,False,True,True,False,False,False,True,False,False,False,True,True,False,False,False,True
19,160.423,21,84,8,14,False,True,False,False,True,False,False,True,False,False,True,False,True,False,True,False
19,1088.907,50,50,5,7,False,True,False,False,True,False,True,False,False,False,True,True,False,True,False,False
19,420.4636,15,50,7,13,False,True,False,False,True,False,False,True,False,False,True,True,False,True,False,False
19,361.5002,50,17,7,12,False,True,False,True,False,False,True,False,False,False,True,False,True,True,False,False
19,300.5808,24,50,1,14,False,True,False,False,False,True,False,True,False,False,True,True,False,False,False,True
19,335.6956,12,50,4,12,False,True,False,False,True,False,True,False,False,False,True,False,True,False,False,True
19,1364.219,50,87,,12,True,False,True,False,False,False,False,False,True,False,False,False,False,False,False,False
19,1138.291,30,50,6,10,False,True,True,False,False,False,False,True,False,False,True,True,False,True,False,False
19,683.5026,19,50,3,1,False,True,False,False,True,False,True,False,False,False,True,True,False,False,True,False
19,1173.448,50,50,,11,True,False,True,False,False,False,False,False,True,False,False,False,False,False,False,False
19,1242.458,82,86,,12,True,False,True,False,False,False,False,False,True,False,False,False,False,False,False,False
19,1352.467,80,91,,12,True,False,True,False,False,False,False,False,True,False,False,False,False,False,False,False
19,4.70548,25,25,5,4,False,True,False,False,False,True,False,True,False,False,True,True,False,False,False,True
19,1146.216,17,50,6,7,True,False,True,False,False,False,True,False,False,False,True,True,False,False,True,False
19,5.288189,18,50,2,8,False,True,False,False,True,False,True,False,False,False,True,False,True,False,True,False
19,1384.416,84,86,,13,True,False,True,False,False,False,False,False,True,False,False,False,False,False,False,False
19,410.1996,20,86,4,10,False,True,False,False,True,False,False,True,False,False,True,False,True,False,True,False
19,730.1955,21,50,1,16,False,True,False,False,True,False,True,False,False,False,True,True,False,False,True,False
19,124.5677,26,78,5,9,False,True,False,False,True,False,False,True,False,False,True,False,True,True,False,False
19,380.4707,19,74,1,5,False,True,False,False,True,False,True,False,False,False,True,False,True,False,False,True
19,1392.16,84,78,,13,True,False,True,False,False,False,False,False,True,False,False,False,False,False,False,False
19,635.0773,20,50,3,16,False,True,False,True,False,False,True,False,False,False,True,True,False,True,False,False
19,407.2439,21,77,3,6,False,True,False,False,False,True,False,True,False,False,True,True,False,False,False,True
19,208.3908,25,50,4,9,False,True,False,True,False,False,False,True,False,False,True,True,False,False,True,False
19,1130.588,79,88,,12,True,False,True,False,False,False,False,False,True,False,False,False,False,False,False,False
19,478.9348,17,50,2,8,False,True,False,False,True,False,True,False,False,False,True,True,False,False,False,True
19,476.2315,29,76,4,3,False,True,False,False,False,True,False,True,False,False,True,False,True,False,False,True
19,1403.79,14,18,8,5,False,True,True,False,False,False,True,False,False,False,True,True,False,True,False,False
19,509.4449,11,73,7,5,False,True,False,True,False,False,True,False,False,False,True,False,True,False,True,False
19,324.7724,10,8,3,6,False,True,False,False,True,False,False,True,False,False,True,False,True,True,False,False
19,1197.972,93,92,,13,True,False,True,False,False,False,False,False,True,False,False,False,False,False,False,False
19,410.352,16,71,8,14,False,True,False,True,False,False,False,True,False,False,True,False,True,True,False,False
19,1078.081,76,79,,13,True,False,True,False,False,False,False,False,True,False,False,False,False,False,False,False
19,1000.798,50,72,6,2,True,False,True,False,False,False,True,False,False,False,True,False,True,False,True,False
19,1194.66,68,81,,13,True,False,True,False,False,False,False,False,True,False,False,False,False,False,False,False
19,250.5619,30,25,1,12,False,True,False,False,False,True,True,False,False,False,True,False,True,False,True,False
19,5.288189,26,80,3,8,False,True,False,False,True,False,True,False,False,False,True,False,True,True,False,False
19,468.9342,29,31,4,3,False,True,False,False,True,False,False,True,False,False,True,True,False,True,False,False
19,576.8277,17,77,6,4,False,True,False,False,True,False,False,True,False,False,True,False,True,True,False,False
19,453.8851,19,76,1,3,False,True,False,False,True,False,False,True,False,False,True,False,True,False,True,False
19,1247.452,96,86,2,1,True,False,True,False,False,False,True,False,False,False,True,True,False,True,False,False
19,1568.451,50,67,8,6,True,False,True,False,False,False,False,True,False,False,True,True,False,False,True,False
19,1294.571,86,89,,14,True,False,True,False,False,False,False,False,True,False,False,False,False,False,False,False
19,444.8421,28,85,5,7,False,True,False,False,True,False,True,False,False,False,True,False,True,False,False,True
19,1082.323,14,9,6,13,True,False,True,False,False,False,False,True,False,False,True,True,False,False,True,False
19,859.6498,34,6,3,9,False,True,False,True,False,False,False,True,False,False,True,False,True,False,False,True
19,1030.211,85,92,,14,True,False,True,False,False,False,False,False,True,False,False,False,False,False,False,False
19,489.9868,28,20,7,15,False,True,False,False,False,True,False,True,False,False,True,False,True,False,False,True
19,803.0588,19,10,2,2,False,True,False,False,True,False,True,False,False,False,True,False,True,False,False,True
19,756.6576,50,84,5,15,True,False,True,False,False,False,False,True,False,False,True,True,False,True,False,False
19,1402.252,11,18,1,4,True,False,True,False,False,False,False,True,False,False,True,True,False,False,True,False
19,1261.231,90,92,,13,True,False,True,False,False,False,False,False,True,False,False,False,False,False,False,False
19,1132.149,91,87,7,10,True,False,True,False,False,False,False,True,False,False,True,True,False,False,False,True
19,1154.735,9,21,5,2,True,False,True,False,False,False,True,False,False,False,True,False,True,True,False,False
19,788.9357,94,91,4,11,True,False,True,False,False,False,True,False,False,False,True,True,False,False,True,False
19,1256.543,91,98,8,13,True,False,True,False,False,False,False,True,False,False,True,False,True,False,False,True
19,1070.611,91,89,,13,True,False,True,False,False,False,False,False,True,False,False,False,False,False,False,False
20,523.1282,31,73,2,14,False,True,False,True,False,False,False,True,False,False,True,False,True,False,True,False
20,288.7765,68,62,,12,False,True,False,False,False,True,False,False,True,False,False,False,False,False,False,False
20,412.9528,43,77,6,1,False,True,False,False,False,True,True,False,False,False,True,False,True,False,False,True
20,305.5566,65,73,2,15,False,True,False,False,False,True,False,True,False,False,True,True,False,True,False,False
20,328.5277,67,70,8,4,False,True,False,False,False,True,False,True,False,False,True,True,False,False,False,True
20,357.6699,74,71,,11,False,True,False,False,True,False,False,False,True,False,False,False,False,False,False,False
20,353.8339,82,76,7,3,False,True,False,False,False,True,False,True,False,False,True,True,False,True,False,False
20,238.757,68,50,8,5,False,True,False,True,False,False,True,False,False,False,True,False,True,False,False,True
20,292.0415,40,50,5,10,False,True,False,False,False,True,False,True,False,False,True,True,False,True,False,False
20,648.2477,34,65,7,7,False,True,False,True,False,False,True,False,False,False,True,True,False,False,True,False
20,149.2209,63,50,7,4,False,True,False,True,False,False,False,True,False,False,True,False,True,True,False,False
20,509.6258,46,50,1,8,False,True,False,True,False,False,True,False,False,False,True,True,False,False,False,True
20,326.859,61,100,4,9,False,True,False,False,False,True,False,True,False,False,True,False,True,False,False,True
20,1234.712,96,98,,12,True,False,True,False,False,False,False,False,True,False,False,False,False,False,False,False
20,717.6583,45,70,6,7,False,True,False,False,False,True,True,False,False,False,True,True,False,True,False,False
20,187.435,36,48,3,6,False,True,False,True,False,False,False,True,False,False,True,True,False,False,False,True
20,1474.713,99,93,,12,True,False,True,False,False,False,False,False,True,False,False,False,False,False,False,False
20,230.7875,97,98,,12,True,False,True,False,False,False,False,False,True,False,False,False,False,False,False,False
20,1173.697,100,93,,13,True,False,True,False,False,False,False,False,True,False,False,False,False,False,False,False
20,468.6139,45,69,5,5,False,True,False,True,False,False,True,False,False,False,True,True,False,True,False,False
20,266.5571,63,50,6,6,False,True,False,True,False,False,False,True,False,False,True,True,False,False,True,False
20,129.2247,43,100,2,13,False,True,False,False,False,True,False,True,False,False,True,False,True,False,False,True
20,1108.288,99,97,,12,True,False,True,False,False,False,False,False,True,False,False,False,False,False,False,False
20,424.4995,44,60,4,8,False,True,False,True,False,False,True,False,False,False,True,False,True,False,True,False
20,306.996,94,94,1,14,True,False,True,False,False,False,False,True,False,False,True,True,False,False,False,True
20,530.0057,43,50,5,8,False,True,False,False,False,True,True,False,False,False,True,False,True,True,False,False
20,914.754,45,98,1,15,False,True,False,False,False,True,False,True,False,False,True,False,True,False,False,True
20,1419.956,100,92,,14,True,False,True,False,False,False,False,False,True,False,False,False,False,False,False,False
20,67.37254,43,54,3,13,False,True,False,False,False,True,False,True,False,False,True,True,False,True,False,False
20,1082.232,43,68,3,16,False,True,False,False,False,True,True,False,False,False,True,True,False,False,False,True
20,756.5215,34,93,4,2,False,True,False,False,False,True,True,False,False,False,True,True,False,False,True,False
20,1251.56,85,86,,13,True,False,True,False,False,False,False,False,True,False,False,False,False,False,False,False
20,526.3726,42,74,2,10,False,True,False,False,False,True,False,True,False,False,True,True,False,False,False,True
20,539.4005,59,92,4,7,False,True,False,True,False,False,True,False,False,False,True,False,True,False,False,True
20,604.289,42,71,8,4,False,True,False,False,False,True,False,True,False,False,True,True,False,False,True,False
20,199.2188,69,100,7,3,False,True,False,False,False,True,False,True,False,False,True,False,True,False,False,True
20,200.959,43,99,3,11,False,True,False,False,False,True,True,False,False,False,True,False,True,True,False,False
20,1578.217,100,100,,13,True,False,True,False,False,False,False,False,True,False,False,False,False,False,False,False
20,162.0339,67,99,8,1,False,True,False,False,False,True,True,False,False,False,True,False,True,False,True,False
20,1247.77,100,100,,13,True,False,True,False,False,False,False,False,True,False,False,False,False,False,False,False
20,241.6346,62,100,6,3,False,True,False,False,False,True,False,True,False,False,True,False,True,False,True,False
20,1160.746,100,100,,11,True,False,True,False,False,False,False,False,True,False,False,False,False,False,False,False
20,709.5986,74,100,1,15,False,True,False,False,False,True,False,True,False,False,True,False,True,False,True,False
20,365.4117,40,84,3,9,False,True,False,False,False,True,False,True,False,False,True,False,True,True,False,False
20,617.1899,41,71,4,11,False,True,False,False,False,True,True,False,False,False,True,True,False,False,True,False
20,349.6139,77,100,6,12,False,True,False,False,False,True,True,False,False,False,True,False,True,False,True,False
20,209.3371,84,99,1,5,False,True,False,False,False,True,True,False,False,False,True,False,True,False,True,False
20,413.2956,67,97,2,13,False,True,False,False,False,True,False,True,False,False,True,True,False,False,True,False
20,859.0871,100,97,8,11,True,False,True,False,False,False,True,False,False,False,True,True,False,False,False,True
20,1230.453,99,100,,12,True,False,True,False,False,False,False,False,True,False,False,False,False,False,False,False
20,581.2277,66,50,5,6,False,True,False,True,False,False,False,True,False,False,True,False,True,True,False,False
20,294.1031,50,73,6,2,False,True,False,False,False,True,True,False,False,False,True,True,False,False,False,True
20,567.7026,50,100,3,12,False,True,False,False,False,True,True,False,False,False,True,False,True,False,False,True
20,1130.298,100,100,,13,True,False,True,False,False,False,False,False,True,False,False,False,False,False,False,False
20,449.9911,50,50,7,12,False,True,False,False,False,True,True,False,False,False,True,False,True,True,False,False
20,826.9686,50,50,2,14,False,True,False,False,False,True,False,True,False,False,True,False,True,True,False,False
20,1224.033,50,50,5,16,False,True,False,False,False,True,True,False,False,False,True,True,False,True,False,False
20,1458.12,76,71,1,16,False,True,False,False,False,True,True,False,False,False,True,True,False,False,True,False
20,1460.105,100,100,,14,True,False,True,False,False,False,False,False,True,False,False,False,False,False,False,False
20,570.0751,50,89,7,2,False,True,False,False,True,False,True,False,False,False,True,True,False,True,False,False
20,468.3159,100,100,5,10,False,True,False,False,False,True,False,True,False,False,True,False,True,False,True,False
20,478.7736,50,100,4,9,False,True,False,False,False,True,False,True,False,False,True,True,False,False,True,False
20,502.1191,50,50,8,1,False,True,False,False,False,True,True,False,False,False,True,False,True,True,False,False
20,1474.558,100,100,,13,True,False,True,False,False,False,False,False,True,False,False,False,False,False,False,False
21,1118.226,90,90,2,14,True,False,True,False,False,False,False,True,False,False,True,False,True,False,True,False
21,1191.715,100,100,,12,True,False,True,False,False,False,False,False,True,False,False,False,False,False,False,False
21,279.1677,40,90,6,1,False,True,False,False,False,True,True,False,False,False,True,False,True,False,False,True
21,411.6951,40,90,2,15,False,True,False,False,True,False,False,True,False,False,True,True,False,True,False,False
21,633.7354,50,90,8,4,False,True,False,False,False,True,False,True,False,False,True,True,False,False,False,True
21,1172.686,100,100,,11,True,False,True,False,False,False,False,False,True,False,False,False,False,False,False,False
21,444.1214,50,90,7,3,False,True,False,False,True,False,False,True,False,False,True,True,False,True,False,False
21,349.3693,70,80,8,5,False,True,False,False,False,True,True,False,False,False,True,False,True,False,False,True
21,446.3794,50,50,5,10,False,True,False,False,True,False,False,True,False,False,True,True,False,True,False,False
21,1493.107,100,100,7,7,True,False,True,False,False,False,True,False,False,False,True,True,False,False,True,False
21,458.8584,60,50,7,4,False,True,False,False,False,True,False,True,False,False,True,False,True,True,False,False
21,1225.522,100,100,1,8,False,True,True,False,False,False,True,False,False,False,True,True,False,False,False,True
21,601.1286,90,100,4,9,False,True,False,False,False,True,False,True,False,False,True,False,True,False,False,True
21,230.7875,0,100,,12,False,True,True,False,False,False,False,False,True,False,False,False,False,False,False,False
21,328.2131,15,30,6,7,False,True,False,False,False,True,True,False,False,False,True,True,False,True,False,False
21,1399.296,50,50,3,6,True,False,True,False,False,False,False,True,False,False,True,True,False,False,False,True
21,1323.785,100,100,,12,True,False,True,False,False,False,False,False,True,False,False,False,False,False,False,False
21,1188.998,100,100,,12,True,False,True,False,False,False,False,False,True,False,False,False,False,False,False,False
21,1150.614,90,90,,13,True,False,True,False,False,False,False,False,True,False,False,False,False,False,False,False
21,280.3143,50,50,5,5,False,True,False,True,False,False,True,False,False,False,True,True,False,True,False,False
21,546.5041,60,70,6,6,False,True,False,False,False,True,False,True,False,False,True,True,False,False,True,False
21,433.7131,70,70,2,13,False,True,False,True,False,False,False,True,False,False,True,False,True,False,False,True
21,1266.283,100,100,,12,True,False,True,False,False,False,False,False,True,False,False,False,False,False,False,False
21,493.0756,50,80,4,8,False,True,False,False,False,True,True,False,False,False,True,False,True,False,True,False
21,1117.049,90,90,1,14,True,False,True,False,False,False,False,True,False,False,True,True,False,False,False,True
21,305.0194,50,80,5,8,False,True,False,False,True,False,True,False,False,False,True,False,True,True,False,False
21,621.4972,70,80,1,15,False,True,False,False,True,False,False,True,False,False,True,False,True,False,False,True
21,1399.456,100,100,,14,True,False,True,False,False,False,False,False,True,False,False,False,False,False,False,False
21,652.136,80,80,3,13,False,True,False,True,False,False,False,True,False,False,True,True,False,True,False,False
21,1332.39,80,80,3,16,False,True,False,True,False,False,True,False,False,False,True,True,False,False,False,True
21,390.6882,50,50,4,2,False,True,False,False,False,True,True,False,False,False,True,True,False,False,True,False
21,1183.552,95,95,,13,True,False,True,False,False,False,False,False,True,False,False,False,False,False,False,False
21,307.0893,65,65,2,10,False,True,False,True,False,False,False,True,False,False,True,True,False,False,False,True
21,1548.412,90,90,4,7,True,False,True,False,False,False,True,False,False,False,True,False,True,False,False,True
21,513.6186,90,90,8,4,False,True,False,True,False,False,False,True,False,False,True,True,False,False,True,False
21,1061.666,100,100,7,3,True,False,True,False,False,False,False,True,False,False,True,False,True,False,False,True
21,797.4246,60,60,3,11,False,True,False,True,False,False,True,False,False,False,True,False,True,True,False,False
21,1173.352,100,100,,13,True,False,True,False,False,False,False,False,True,False,False,False,False,False,False,False
21,169.3021,50,50,8,1,False,True,False,True,False,False,True,False,False,False,True,False,True,False,True,False
21,1346.491,80,80,,13,True,False,True,False,False,False,False,False,True,False,False,False,False,False,False,False
21,532.649,60,60,6,3,False,True,False,True,False,False,False,True,False,False,True,False,True,False,True,False
21,1236.843,100,100,,11,True,False,True,False,False,False,False,False,True,False,False,False,False,False,False,False
21,594.2849,90,84,1,15,True,False,True,False,False,False,False,True,False,False,True,False,True,False,True,False
21,112.5463,100,100,3,9,False,True,False,False,True,False,False,True,False,False,True,False,True,True,False,False
21,125.6265,50,50,4,11,False,True,False,False,False,True,True,False,False,False,True,True,False,False,True,False
21,1036.16,60,60,6,12,False,True,False,False,False,True,True,False,False,False,True,False,True,False,True,False
21,440.4031,60,50,1,5,False,True,False,True,False,False,True,False,False,False,True,False,True,False,True,False
21,1152.564,50,50,2,13,True,False,True,False,False,False,False,True,False,False,True,True,False,False,True,False
21,853.9678,50,50,8,11,True,False,True,False,False,False,True,False,False,False,True,True,False,False,False,True
21,1242.775,50,70,,12,True,False,True,False,False,False,False,False,True,False,False,False,False,False,False,False
21,478.3329,60,60,5,6,False,True,False,True,False,False,False,True,False,False,True,False,True,True,False,False
21,1149.422,100,100,6,2,True,False,True,False,False,False,True,False,False,False,True,True,False,False,False,True
21,212.998,60,60,3,12,False,True,False,True,False,False,True,False,False,False,True,False,True,False,False,True
21,1280.228,100,100,,13,True,False,True,False,False,False,False,False,True,False,False,False,False,False,False,False
21,1013.336,65,65,7,12,False,True,False,False,False,True,True,False,False,False,True,False,True,True,False,False
21,469.5011,60,60,2,14,False,True,False,False,True,False,False,True,False,False,True,False,True,True,False,False
21,512.8439,95,95,5,16,True,False,True,False,False,False,True,False,False,False,True,True,False,True,False,False
21,1373.03,60,60,1,16,False,True,False,True,False,False,True,False,False,False,True,True,False,False,True,False
21,1318.237,100,100,,14,True,False,True,False,False,False,False,False,True,False,False,False,False,False,False,False
21,1007.979,60,60,7,2,True,False,True,False,False,False,True,False,False,False,True,True,False,True,False,False
21,700.8083,50,50,5,10,False,True,False,True,False,False,False,True,False,False,True,False,True,False,True,False
21,321.7235,50,50,4,9,False,True,False,True,False,False,False,True,False,False,True,True,False,False,True,False
21,1162.254,90,90,8,1,True,False,True,False,False,False,True,False,False,False,True,False,True,True,False,False
21,1183.356,100,100,,13,True,False,True,False,False,False,False,False,True,False,False,False,False,False,False,False
22,83.77226,50,90,12,1,False,True,False,False,False,True,False,True,False,False,True,True,False,False,False,True
22,1265.991,95,95,,2,True,False,True,False,False,False,False,False,True,False,False,False,False,False,False,False
22,1551.182,95,95,6,14,True,False,True,False,False,False,True,False,False,False,True,True,False,False,False,True
22,85.43745,35,95,12,1,False,True,False,False,True,False,False,True,False,False,True,True,False,True,False,False
22,1530.055,50,50,3,2,True,False,True,False,False,False,False,True,False,False,True,False,True,True,False,False
22,1397.023,95,95,,2,True,False,True,False,False,False,False,False,True,False,False,False,False,False,False,False
22,447.554,50,95,12,1,False,True,False,True,False,False,False,True,False,False,True,True,False,False,True,False
22,146.3904,50,95,7,2,False,True,False,False,False,True,False,True,False,False,True,False,True,False,False,True
22,404.933,50,95,3,2,False,True,False,True,False,False,False,True,False,False,True,False,True,False,True,False
22,266.5102,50,50,13,3,False,True,False,False,True,False,True,False,False,False,True,False,True,False,True,False
22,645.4943,50,90,3,4,False,True,False,False,False,True,True,False,False,False,True,True,False,False,True,False
22,349.3992,50,90,2,3,False,True,False,True,False,False,True,False,False,False,True,True,False,True,False,False
22,167.9023,50,95,13,3,False,True,False,False,True,False,True,False,False,False,True,False,True,False,False,True
22,1266.059,95,95,,1,True,False,True,False,False,False,False,False,True,False,False,False,False,False,False,False
22,342.9222,80,90,5,12,False,True,False,True,False,False,False,True,False,False,True,False,True,False,True,False
22,433.4153,50,85,7,4,False,True,False,True,False,False,True,False,False,False,True,True,False,False,False,True
22,1261.768,95,95,,2,True,False,True,False,False,False,False,False,True,False,False,False,False,False,False,False
22,1361.796,95,95,,6,True,False,True,False,False,False,False,False,True,False,False,False,False,False,False,False
22,1331.647,95,95,,3,True,False,True,False,False,False,False,False,True,False,False,False,False,False,False,False
22,1265.31,95,95,4,4,True,False,True,False,False,False,True,False,False,False,True,False,True,True,False,False
22,361.3061,60,95,3,5,False,True,False,False,False,True,False,True,False,False,True,False,True,False,False,True
22,109.0191,30,95,4,5,False,True,False,False,True,False,False,True,False,False,True,True,False,True,False,False
22,1287.047,95,95,,1,True,False,True,False,False,False,False,False,True,False,False,False,False,False,False,False
22,726.4571,30,90,13,6,False,True,False,False,True,False,True,False,False,False,True,True,False,False,False,True
22,1249.333,50,70,1,7,True,False,True,False,False,False,False,True,False,False,True,False,True,False,False,True
22,63.14849,30,70,5,13,False,True,False,False,True,False,True,False,False,False,True,True,False,False,True,False
22,907.4303,75,95,4,8,False,True,False,False,False,True,False,True,False,False,True,True,False,False,False,True
22,1315.276,90,95,,5,True,False,True,False,False,False,False,False,True,False,False,False,False,False,False,False
22,544.0675,75,95,12,6,False,True,False,False,True,False,True,False,False,False,True,False,True,True,False,False
22,95.72447,40,80,3,7,False,True,False,False,True,False,False,True,False,False,True,True,False,True,False,False
22,545.4015,35,80,13,9,False,True,False,True,False,False,True,False,False,False,True,False,True,False,False,True
22,1327.365,90,90,,8,True,False,True,False,False,False,False,False,True,False,False,False,False,False,False,False
22,273.8382,20,75,12,8,False,True,False,False,True,False,False,True,False,False,True,False,True,True,False,False
22,1649.323,95,95,6,9,True,False,True,False,False,False,True,False,False,False,True,False,True,True,False,False
22,644.8826,40,90,4,5,False,True,False,True,False,False,False,True,False,False,True,False,True,False,True,False
22,400.9978,50,95,8,10,False,True,False,False,False,True,True,False,False,False,True,True,False,True,False,False
22,1109.766,50,60,13,6,True,False,True,False,False,False,True,False,False,False,True,True,False,False,True,False
22,1380.221,90,90,,7,True,False,True,False,False,False,False,False,True,False,False,False,False,False,False,False
22,336.8369,40,0,5,7,False,True,False,False,False,True,False,True,False,False,True,True,False,False,True,False
22,1305.478,100,100,,7,True,False,True,False,False,False,False,False,True,False,False,False,False,False,False,False
22,478.4966,50,90,1,8,False,True,False,True,False,False,False,True,False,False,True,False,True,False,True,False
22,1287.337,100,100,,6,True,False,True,False,False,False,False,False,True,False,False,False,False,False,False,False
22,521.0701,25,85,4,10,False,True,False,True,False,False,True,False,False,False,True,True,False,False,False,True
22,392.8577,40,85,1,9,False,True,False,False,True,False,True,False,False,False,True,True,False,False,True,False
22,799.2111,50,90,5,10,False,True,False,False,False,True,True,False,False,False,True,False,True,False,True,False
22,1810.619,95,95,6,11,True,False,True,False,False,False,False,True,False,False,True,True,False,False,True,False
22,284.691,50,95,1,11,False,True,False,False,False,True,False,True,False,False,True,True,False,False,False,True
22,25.92312,90,95,12,12,False,True,False,False,False,True,False,True,False,False,True,False,True,False,False,True
22,420.0281,20,90,2,13,False,True,False,False,True,False,True,False,False,False,True,False,True,False,False,True
22,1331.693,95,95,,7,True,False,True,False,False,False,False,False,True,False,False,False,False,False,False,False
22,413.3613,50,85,4,11,False,True,False,False,True,False,False,True,False,False,True,False,True,True,False,False
22,1884.379,95,85,11,15,True,False,True,False,False,False,True,False,False,False,True,False,True,False,False,True
22,572.7238,35,90,6,12,False,True,False,False,True,False,False,True,False,False,True,False,True,True,False,False
22,1336.018,95,95,,7,True,False,True,False,False,False,False,False,True,False,False,False,False,False,False,False
22,631.7702,50,95,11,13,False,True,False,False,False,True,True,False,False,False,True,True,False,True,False,False
22,524.8271,50,95,2,14,False,True,False,True,False,False,True,False,False,False,True,False,True,True,False,False
22,1568.28,90,95,14,14,True,False,True,False,False,False,True,False,False,False,True,False,True,False,True,False
22,780.0253,20,95,5,16,False,True,False,False,False,True,False,True,False,False,True,True,False,False,False,True
22,1296.601,95,95,,8,True,False,True,False,False,False,False,False,True,False,False,False,False,False,False,False
22,618.3686,30,90,8,15,False,True,False,True,False,False,True,False,False,False,True,True,False,True,False,False
22,1819.483,95,95,8,15,True,False,True,False,False,False,True,False,False,False,True,False,True,False,True,False
22,1873.041,90,95,13,16,True,False,True,False,False,False,False,True,False,False,True,True,False,False,True,False
22,1155.444,35,95,14,16,False,True,False,False,True,False,False,True,False,False,True,True,False,True,False,False
22,1445.741,95,95,,8,True,False,True,False,False,False,False,False,True,False,False,False,False,False,False,False
23,470.5052,19,30,12,1,False,True,False,True,False,False,False,True,False,False,True,True,False,False,False,True
23,1268.572,100,100,,2,True,False,True,False,False,False,False,False,True,False,False,False,False,False,False,False
23,130.4623,25,73,6,14,False,True,False,False,True,False,True,False,False,False,True,True,False,False,False,True
23,7.886395,100,100,12,1,False,True,False,False,True,False,False,True,False,False,True,True,False,True,False,False
23,61.78409,95,100,3,2,False,True,False,False,True,False,False,True,False,False,True,False,True,True,False,False
23,1197.952,100,100,,2,True,False,True,False,False,False,False,False,True,False,False,False,False,False,False,False
23,367.939,20,100,12,1,False,True,False,True,False,False,False,True,False,False,True,True,False,False,True,False
23,195.8416,37,74,7,2,False,True,False,False,False,True,False,True,False,False,True,False,True,False,False,True
23,622.8438,64,96,3,2,False,True,False,False,True,False,False,True,False,False,True,False,True,False,True,False
23,648.5689,28,56,13,3,False,True,False,True,False,False,True,False,False,False,True,False,True,False,True,False
23,400.2621,16,64,3,4,False,True,False,False,True,False,True,False,False,False,True,True,False,False,True,False
23,596.6926,19,43,2,3,True,False,False,False,False,True,True,False,False,False,True,True,False,True,False,False
23,625.4657,26,64,13,3,False,True,False,False,True,False,True,False,False,False,True,False,True,False,False,True
23,1034.246,100,100,,1,True,False,True,False,False,False,False,False,True,False,False,False,False,False,False,False
23,391.2506,27,64,5,12,False,True,False,True,False,False,False,True,False,False,True,False,True,False,True,False
23,1057.636,63,58,7,4,True,False,True,False,False,False,True,False,False,False,True,True,False,False,False,True
23,1163.649,100,100,,2,True,False,True,False,False,False,False,False,True,False,False,False,False,False,False,False
23,1228.647,100,100,,6,True,False,True,False,False,False,False,False,True,False,False,False,False,False,False,False
23,1005.692,100,100,,3,True,False,True,False,False,False,False,False,True,False,False,False,False,False,False,False
23,601.2374,26,63,4,4,False,True,False,True,False,False,True,False,False,False,True,False,True,True,False,False
23,474.0639,28,59,3,5,False,True,False,False,False,True,False,True,False,False,True,False,True,False,False,True
23,452.7725,26,100,4,5,False,True,False,False,True,False,False,True,False,False,True,True,False,True,False,False
23,1035.208,100,100,,1,True,False,True,False,False,False,False,False,True,False,False,False,False,False,False,False
23,356.2159,15,41,13,6,False,True,False,False,True,False,True,False,False,False,True,True,False,False,False,True
23,261.4944,40,34,1,7,False,True,False,False,True,False,False,True,False,False,True,False,True,False,False,True
23,344.9075,65,100,5,13,False,True,False,False,True,False,True,False,False,False,True,True,False,False,True,False
23,739.09,26,61,4,8,False,True,False,False,False,True,False,True,False,False,True,True,False,False,False,True
23,1020.256,100,100,,5,True,False,True,False,False,False,False,False,True,False,False,False,False,False,False,False
23,359.5743,42,100,12,6,False,True,False,False,True,False,True,False,False,False,True,False,True,True,False,False
23,609.7355,0,33,3,7,False,True,False,False,True,False,False,True,False,False,True,True,False,True,False,False
23,667.9969,26,41,13,9,False,True,False,True,False,False,True,False,False,False,True,False,True,False,False,True
23,1369.968,100,100,,8,True,False,True,False,False,False,False,False,True,False,False,False,False,False,False,False
23,108.2252,0,100,12,8,False,True,False,False,True,False,False,True,False,False,True,False,True,True,False,False
23,380.0574,0,39,6,9,False,True,False,False,True,False,True,False,False,False,True,False,True,True,False,False
23,450.0949,60,100,4,5,False,True,False,False,True,False,False,True,False,False,True,False,True,False,True,False
23,247.6058,0,46,8,10,False,True,False,False,False,True,True,False,False,False,True,True,False,True,False,False
23,397.5648,0,83,13,6,False,True,False,False,False,True,True,False,False,False,True,True,False,False,True,False
23,1012.59,100,100,,7,True,False,True,False,False,False,False,False,True,False,False,False,False,False,False,False
23,182.9075,53,100,5,7,False,True,False,False,False,True,False,True,False,False,True,True,False,False,True,False
23,938.0308,100,100,,7,True,False,True,False,False,False,False,False,True,False,False,False,False,False,False,False
23,414.6444,24,78,1,8,False,True,False,True,False,False,False,True,False,False,True,False,True,False,True,False
23,1170.812,100,100,,6,True,False,True,False,False,False,False,False,True,False,False,False,False,False,False,False
23,603.1136,7,82,4,10,False,True,False,True,False,False,True,False,False,False,True,True,False,False,False,True
23,536.8848,20,100,1,9,False,True,False,False,True,False,True,False,False,False,True,True,False,False,True,False
23,280.7164,25,60,5,10,False,True,False,False,False,True,True,False,False,False,True,False,True,False,True,False
23,1626.507,73,71,6,11,True,False,True,False,False,False,False,True,False,False,True,True,False,False,True,False
23,250.7798,29,68,1,11,False,True,False,False,False,True,False,True,False,False,True,True,False,False,False,True
23,585.597,27,69,12,12,False,True,False,False,True,False,False,True,False,False,True,False,True,False,False,True
23,470.0639,61,98,2,13,False,True,False,False,True,False,True,False,False,False,True,False,True,False,False,True
23,1238.098,100,100,,7,True,False,True,False,False,False,False,False,True,False,False,False,False,False,False,False
23,345.6954,26,81,4,11,False,True,False,False,True,False,False,True,False,False,True,False,True,True,False,False
23,89.32977,100,100,11,15,False,True,False,False,False,True,True,False,False,False,True,False,True,False,False,True
23,202.2218,0,70,6,12,False,True,False,False,True,False,False,True,False,False,True,False,True,True,False,False
23,1079.34,100,100,,7,True,False,True,False,False,False,False,False,True,False,False,False,False,False,False,False
23,80.84514,0,83,11,13,False,True,False,False,True,False,True,False,False,False,True,True,False,True,False,False
23,367.6817,5,88,2,14,False,True,False,False,True,False,True,False,False,False,True,False,True,True,False,False
23,306.0537,33,81,14,14,False,True,False,True,False,False,True,False,False,False,True,False,True,False,True,False
23,781.0339,75,28,5,16,False,True,False,False,False,True,False,True,False,False,True,True,False,False,False,True
23,959.4574,100,100,,8,True,False,True,False,False,False,False,False,True,False,False,False,False,False,False,False
23,1234.991,59,86,8,15,False,True,False,False,False,True,True,False,False,False,True,True,False,True,False,False
23,466.7955,69,73,8,15,False,True,False,True,False,False,True,False,False,False,True,False,True,False,True,False
23,953.1279,0,33,13,16,False,True,False,False,True,False,False,True,False,False,True,True,False,False,True,False
23,119.8865,73,100,14,16,False,True,False,False,True,False,False,True,False,False,True,True,False,True,False,False
23,1088.729,100,100,,8,True,False,True,False,False,False,False,False,True,False,False,False,False,False,False,False
24,1142.842,50,0,2,5,True,False,True,False,False,False,True,False,False,False,True,False,True,True,False,False
24,747.7036,10,20,,9,False,True,False,False,True,False,False,False,False,True,False,False,False,False,False,False
24,877.0391,10,20,6,15,False,True,False,False,False,True,False,True,False,False,True,False,True,False,True,False
24,1805.925,100,100,2,11,True,False,True,False,False,False,True,False,False,False,True,True,False,False,False,True
24,981.4604,10,10,8,16,False,True,False,True,False,False,True,False,False,False,True,True,False,False,False,True
24,483.252,0,0,,10,False,True,False,False,False,True,False,False,False,True,False,False,False,False,False,False
24,1458.418,100,100,7,2,True,False,True,False,False,False,True,False,False,False,True,True,False,False,False,True
24,1546.03,100,100,8,14,True,False,True,False,False,False,False,True,False,False,True,False,True,False,True,False
24,576.9169,10,100,5,11,False,True,False,False,True,False,True,False,False,False,True,True,False,True,False,False
24,335.7557,5,5,7,13,False,True,False,False,False,True,False,True,False,False,True,True,False,True,False,False
24,312.2196,5,5,7,12,False,True,False,False,False,True,True,False,False,False,True,False,True,True,False,False
24,125.154,5,1,1,14,False,True,False,False,True,False,False,True,False,False,True,True,False,False,False,True
24,104.2397,2,0,4,12,False,True,False,False,True,False,True,False,False,False,True,False,True,False,False,True
24,359.1415,4,50,,9,False,True,False,True,False,False,False,False,False,True,False,False,False,False,False,False
24,1690.06,20,50,6,10,True,False,True,False,False,False,False,True,False,False,True,True,False,True,False,False
24,1226.876,100,100,3,7,True,False,True,False,False,False,True,False,False,False,True,True,False,False,True,False
24,734.4948,10,50,,10,False,True,False,False,False,True,False,False,False,True,False,False,False,False,False,False
24,218.085,10,50,,9,False,True,False,False,False,True,False,False,False,True,False,False,False,False,False,False
24,25.7582,15,50,,11,False,True,False,True,False,False,False,False,False,True,False,False,False,False,False,False
24,710.603,50,100,5,4,False,True,False,False,True,False,False,True,False,False,True,True,False,False,False,True
24,135.1406,10,50,6,1,False,True,False,False,True,False,True,False,False,False,True,True,False,False,True,False
24,575.5002,50,50,2,12,False,True,False,True,False,False,True,False,False,False,True,False,True,False,True,False
24,246.583,10,95,,10,False,True,False,False,True,False,False,False,False,True,False,False,False,False,False,False
24,278.563,10,100,4,10,False,True,False,False,False,True,False,True,False,False,True,False,True,False,True,False
24,1414.226,100,100,1,8,True,False,True,False,False,False,True,False,False,False,True,True,False,False,True,False
24,1596.103,50,0,5,9,False,True,True,False,False,False,False,True,False,False,True,False,True,True,False,False
24,399.7473,10,100,1,5,False,True,False,True,False,False,True,False,False,False,True,False,True,False,False,True
24,211.8242,10,20,,9,False,True,False,False,True,False,False,False,False,True,False,False,False,False,False,False
24,880.4075,5,100,3,16,False,True,False,False,False,True,True,False,False,False,True,True,False,True,False,False
24,4.368982,10,100,3,6,False,True,False,False,True,False,False,True,False,False,True,True,False,False,False,True
24,130.5803,50,80,4,9,False,True,False,True,False,False,False,True,False,False,True,True,False,False,True,False
24,540.1381,15,80,,11,False,True,False,False,True,False,False,False,False,True,False,False,False,False,False,False
24,269.0031,5,50,2,8,False,True,False,True,False,False,True,False,False,False,True,True,False,False,False,True
24,416.463,2,30,4,3,False,True,False,False,True,False,False,True,False,False,True,False,True,False,False,True
24,1264.875,100,100,8,7,True,False,True,False,False,False,True,False,False,False,True,True,False,True,False,False
24,1146.254,100,100,7,5,True,False,True,False,False,False,True,False,False,False,True,False,True,False,True,False
24,660.6888,5,100,3,6,False,True,False,True,False,False,False,True,False,False,True,False,True,True,False,False
24,360.3765,5,30,,11,False,True,False,False,True,False,False,False,False,True,False,False,False,False,False,False
24,1437.674,100,100,8,14,True,False,True,False,False,False,False,True,False,False,True,False,True,True,False,False
24,226.7412,5,20,,10,False,True,False,True,False,False,False,False,False,True,False,False,False,False,False,False
24,150.5391,0,10,6,2,False,True,False,False,True,False,True,False,False,False,True,False,True,False,True,False
24,1381.186,0,100,,9,False,True,True,False,False,False,False,False,False,True,False,False,False,False,False,False
24,1942.782,100,100,1,16,True,False,True,False,False,False,True,False,False,False,True,False,True,False,True,False
24,234.9167,5,5,3,8,False,True,False,False,True,False,True,False,False,False,True,False,True,True,False,False
24,429.9497,20,50,4,3,False,True,False,True,False,False,False,True,False,False,True,True,False,True,False,False
24,1252.882,100,100,6,4,True,False,True,False,False,False,False,True,False,False,True,False,True,True,False,False
24,195.2593,5,5,1,3,False,True,False,False,True,False,False,True,False,False,True,False,True,False,True,False
24,1378.71,100,100,2,1,True,False,True,False,False,False,True,False,False,False,True,True,False,True,False,False
24,326.6613,5,5,8,6,False,True,False,False,False,True,False,True,False,False,True,True,False,False,True,False
24,208.1176,5,5,,9,False,True,False,True,False,False,False,False,False,True,False,False,False,False,False,False
24,270.4589,15,10,5,7,False,True,False,False,True,False,True,False,False,False,True,False,True,False,False,True
24,1388.124,100,100,6,13,True,False,True,False,False,False,False,True,False,False,True,True,False,False,True,False
24,155.8335,5,60,3,9,False,True,False,False,True,False,False,True,False,False,True,False,True,False,False,True
24,464.2171,15,90,,10,False,True,False,False,True,False,False,False,False,True,False,False,False,False,False,False
24,1832.463,100,100,7,15,True,False,True,False,False,False,False,True,False,False,True,False,True,False,False,True
24,1367.496,95,100,2,1,True,False,True,False,False,False,True,False,False,False,True,False,True,False,False,True
24,14.38598,75,75,5,15,False,True,False,True,False,False,False,True,False,False,True,True,False,True,False,False
24,260.8465,20,10,1,4,False,True,False,False,False,True,False,True,False,False,True,True,False,False,True,False
24,260.6069,5,10,,11,False,True,False,False,True,False,False,False,False,True,False,False,False,False,False,False
24,1711.632,100,100,7,10,True,False,True,False,False,False,False,True,False,False,True,True,False,False,False,True
24,1558.715,100,100,5,2,True,False,True,False,False,False,True,False,False,False,True,False,True,True,False,False
24,455.1184,5,5,4,11,False,True,False,False,True,False,True,False,False,False,True,True,False,False,True,False
24,284.9261,1,0,8,13,False,True,False,False,True,False,False,True,False,False,True,False,True,False,False,True
24,219.1739,5,5,,10,False,True,False,False,True,False,False,False,False,True,False,False,False,False,False,False
25,1474.155,50,50,4,6,True,False,True,False,False,False,True,False,False,False,True,False,True,False,False,True
25,1221.502,20,20,,2,True,False,True,False,False,False,False,False,True,False,False,False,False,False,False,False
25,17.93244,100,100,1,11,False,True,False,False,False,True,False,True,False,False,True,False,True,False,False,True
25,406.7109,64,100,4,10,False,True,False,True,False,False,True,False,False,False,True,True,False,False,True,False
25,554.5096,58,73,6,9,False,True,False,True,False,False,True,False,False,False,True,True,False,False,False,True
25,1244.069,92,98,,2,True,False,True,False,False,False,False,False,True,False,False,False,False,False,False,False
25,309.2129,75,100,1,9,False,True,False,False,False,True,True,False,False,False,True,True,False,True,False,False
25,234.5694,98,100,5,8,False,True,False,False,False,True,False,True,False,False,True,False,True,False,False,True
25,786.5052,59,100,5,15,False,True,False,False,False,True,True,False,False,False,True,True,False,False,True,False
25,1348.776,20,16,7,8,True,False,True,False,False,False,False,True,False,False,True,True,False,False,True,False
25,5.238128,20,35,3,13,False,True,False,False,True,False,True,False,False,False,True,False,True,True,False,False
25,303.6078,67,100,6,11,False,True,False,False,True,False,False,True,False,False,True,True,False,True,False,False
25,1391.121,24,66,3,15,False,True,False,True,False,False,True,False,False,False,True,False,True,True,False,False
25,1255.458,50,50,,1,True,False,True,False,False,False,False,False,True,False,False,False,False,False,False,False
25,316.2588,37,100,4,2,False,True,False,True,False,False,False,True,False,False,True,True,False,False,True,False
25,385.6109,24,69,5,4,False,True,False,True,False,False,True,False,False,False,True,True,False,True,False,False
25,1063.582,100,100,,2,True,False,True,False,False,False,False,False,True,False,False,False,False,False,False,False
25,1039.117,100,100,,6,True,False,True,False,False,False,False,False,True,False,False,False,False,False,False,False
25,1143.345,64,65,,3,True,False,True,False,False,False,False,False,True,False,False,False,False,False,False,False
25,202.7995,65,87,1,2,False,True,False,False,True,False,False,True,False,False,True,True,False,True,False,False
25,822.4496,41,75,13,3,False,True,False,False,True,False,True,False,False,False,True,True,False,False,True,False
25,208.6666,56,71,1,3,False,True,False,True,False,False,True,False,False,False,True,False,True,True,False,False
25,1266.248,100,100,,1,True,False,True,False,False,False,False,False,True,False,False,False,False,False,False,False
25,7.136872,100,100,6,16,False,True,False,False,False,True,False,True,False,False,True,False,True,False,False,True
25,323.174,83,86,12,15,True,False,True,False,False,False,True,False,False,False,True,True,False,False,False,True
25,705.3674,79,100,2,11,False,True,False,True,False,False,False,True,False,False,True,False,True,False,True,False
25,1051.791,50,50,5,4,True,False,True,False,False,False,True,False,False,False,True,False,True,False,False,True
25,1178.903,100,100,,5,True,False,True,False,False,False,False,False,True,False,False,False,False,False,False,False
25,217.9262,82,100,11,14,False,True,False,False,False,True,True,False,False,False,True,True,False,True,False,False
25,284.1841,36,87,12,8,False,True,False,False,True,False,False,True,False,False,True,True,False,True,False,False
25,25.79941,100,100,3,2,False,True,False,False,False,True,False,True,False,False,True,True,False,False,False,True
25,1121.316,100,0,,8,True,False,False,False,False,True,False,False,True,False,False,False,False,False,False,False
25,1353.943,50,50,13,6,True,False,True,False,False,False,True,False,False,False,True,True,False,True,False,False
25,243.4689,56,83,8,7,False,True,False,False,True,False,False,True,False,False,True,False,True,True,False,False
25,201.5999,64,99,14,3,False,True,False,False,True,False,True,False,False,False,True,True,False,False,False,True
25,160.4564,50,50,4,14,False,True,False,True,False,False,True,False,False,False,True,False,True,False,False,True
25,240.211,50,87,12,7,False,True,False,True,False,False,False,True,False,False,True,False,True,False,True,False
25,938.9603,100,100,,7,True,False,True,False,False,False,False,False,True,False,False,False,False,False,False,False
25,237.439,81,81,11,1,False,True,False,True,False,False,False,True,False,False,True,False,True,False,True,False
25,1070.99,90,88,,7,True,False,True,False,False,False,False,False,True,False,False,False,False,False,False,False
25,9.460714,100,100,14,10,False,True,False,False,False,True,True,False,False,False,True,False,True,False,False,True
25,1026.5,100,100,,6,True,False,True,False,False,False,False,False,True,False,False,False,False,False,False,False
25,471.8533,40,22,6,6,False,True,False,False,True,False,True,False,False,False,True,False,True,False,True,False
25,339.3478,69,85,4,13,False,True,False,False,False,True,True,False,False,False,True,False,True,False,True,False
25,225.1261,81,95,2,5,False,True,False,True,False,False,False,True,False,False,True,True,False,False,True,False
25,16.09504,100,100,13,16,False,True,False,True,False,False,False,True,False,False,True,False,True,False,True,False
25,266.3718,70,100,13,1,False,True,False,False,False,True,False,True,False,False,True,False,True,False,False,True
25,1095.724,50,50,4,13,True,False,True,False,False,False,True,False,False,False,True,True,False,False,False,True
25,393.7204,50,50,12,5,False,True,False,True,False,False,False,True,False,False,True,True,False,False,False,True
25,1173.018,100,100,,7,True,False,True,False,False,False,False,False,True,False,False,False,False,False,False,False
25,1184.212,25,27,7,10,True,False,True,False,False,False,True,False,False,False,True,False,True,True,False,False
25,1480.708,20,20,8,7,True,False,True,False,False,False,False,True,False,False,True,True,False,False,False,True
25,115.9016,29,50,2,5,False,True,False,False,True,False,False,True,False,False,True,False,True,True,False,False
25,1016.787,83,84,,7,True,False,True,False,False,False,False,False,True,False,False,False,False,False,False,False
25,3.151225,100,100,13,16,False,True,False,False,True,False,False,True,False,False,True,False,True,True,False,False
25,485.1141,81,96,12,4,False,True,False,False,False,True,True,False,False,False,True,False,True,False,True,False
25,397.259,50,50,8,12,False,True,False,True,False,False,False,True,False,False,True,True,False,False,True,False
25,787.1525,50,50,13,12,False,True,False,True,False,False,False,True,False,False,True,True,False,False,False,True
25,1053.445,100,100,,8,True,False,True,False,False,False,False,False,True,False,False,False,False,False,False,False
25,260.0602,67,100,5,12,False,True,False,False,True,False,False,True,False,False,True,True,False,True,False,False
25,702.2605,68,79,3,9,False,True,False,True,False,False,True,False,False,False,True,False,True,False,True,False
25,446.9446,50,50,3,14,False,True,False,True,False,False,True,False,False,False,True,True,False,False,True,False
25,270.3841,50,50,12,1,False,True,False,True,False,False,False,True,False,False,True,False,True,True,False,False
25,1199.087,100,100,,8,True,False,True,False,False,False,False,False,True,False,False,False,False,False,False,False
26,371.1026,10,50,2,11,False,True,False,True,False,False,True,False,False,False,True,False,True,True,False,False
26,1250.248,100,100,,11,True,False,True,False,False,False,False,False,True,False,False,False,False,False,False,False
26,877.562,60,40,6,15,False,True,False,True,False,False,False,True,False,False,True,False,True,False,True,False
26,499.2855,20,20,2,11,False,True,False,False,True,False,True,False,False,False,True,True,False,False,False,True
26,616.0002,10,10,8,16,False,True,False,False,True,False,True,False,False,False,True,True,False,False,False,True
26,1247.537,100,100,,12,True,False,True,False,False,False,False,False,True,False,False,False,False,False,False,False
26,189.9733,30,30,7,1,False,True,False,True,False,False,True,False,False,False,True,True,False,False,False,True
26,306.3022,30,80,8,14,False,True,False,True,False,False,False,True,False,False,True,False,True,False,True,False
26,595.2375,51,70,5,7,False,True,False,True,False,False,True,False,False,False,True,True,False,True,False,False
26,178.6285,19,50,7,13,False,True,False,False,True,False,False,True,False,False,True,True,False,True,False,False
26,572.8852,18,15,7,12,False,True,False,False,True,False,True,False,False,False,True,False,True,True,False,False
26,162.4595,10,5,1,14,False,True,False,True,False,False,False,True,False,False,True,True,False,False,False,True
26,335.343,19,13,4,12,False,True,False,False,False,True,True,False,False,False,True,False,True,False,False,True
26,137.3297,100,100,,12,True,False,True,False,False,False,False,False,True,False,False,False,False,False,False,False
26,301.6686,25,50,6,10,False,True,False,False,True,False,False,True,False,False,True,True,False,True,False,False
26,476.6982,50,76,3,1,False,True,False,False,True,False,True,False,False,False,True,True,False,False,True,False
26,1730.372,100,100,,11,True,False,True,False,False,False,False,False,True,False,False,False,False,False,False,False
26,1610.092,100,100,,12,True,False,True,False,False,False,False,False,True,False,False,False,False,False,False,False
26,1212.257,100,100,,12,True,False,True,False,False,False,False,False,True,False,False,False,False,False,False,False
26,785.0916,19,37,5,4,False,True,False,True,False,False,False,True,False,False,True,True,False,False,False,True
26,1.638975,50,50,6,7,False,True,False,False,True,False,True,False,False,False,True,True,False,False,True,False
26,4.404615,30,90,2,8,False,True,False,False,True,False,True,False,False,False,True,False,True,False,True,False
26,1248.079,100,100,,13,True,False,True,False,False,False,False,False,True,False,False,False,False,False,False,False
26,219.6407,40,64,4,10,False,True,False,True,False,False,False,True,False,False,True,False,True,False,True,False
26,989.2548,21,80,1,16,False,True,False,False,True,False,True,False,False,False,True,True,False,False,True,False
26,516.8576,70,80,5,9,False,True,False,False,True,False,False,True,False,False,True,False,True,True,False,False
26,800.2275,20,9,1,5,False,True,False,False,False,True,True,False,False,False,True,False,True,False,False,True
26,1188.363,100,100,,13,True,False,True,False,False,False,False,False,True,False,False,False,False,False,False,False
26,6.793542,80,50,3,16,False,True,False,False,True,False,True,False,False,False,True,True,False,True,False,False
26,332.9796,10,20,3,6,False,True,False,False,False,True,False,True,False,False,True,True,False,False,False,True
26,217.247,20,90,4,9,False,True,False,False,True,False,False,True,False,False,True,True,False,False,True,False
26,1310.827,100,100,,12,True,False,True,False,False,False,False,False,True,False,False,False,False,False,False,False
26,406.7288,15,20,2,8,False,True,False,False,True,False,True,False,False,False,True,True,False,False,False,True
26,12.88075,90,100,4,3,False,True,False,False,False,True,False,True,False,False,True,False,True,False,False,True
26,489.3764,20,90,8,5,False,True,False,False,False,True,True,False,False,False,True,True,False,True,False,False
26,31.53819,90,19,7,5,False,True,False,False,False,True,True,False,False,False,True,False,True,False,True,False
26,319.8255,70,100,3,6,False,True,False,False,True,False,False,True,False,False,True,False,True,True,False,False
26,1172.369,100,100,,13,True,False,True,False,False,False,False,False,True,False,False,False,False,False,False,False
26,296.344,71,100,8,14,False,True,False,False,True,False,False,True,False,False,True,False,True,True,False,False
26,1275.586,100,100,,13,True,False,True,False,False,False,False,False,True,False,False,False,False,False,False,False
26,55.21957,83,50,6,2,False,True,False,True,False,False,True,False,False,False,True,False,True,False,True,False
26,1230.227,100,100,,13,True,False,True,False,False,False,False,False,True,False,False,False,False,False,False,False
26,333.4141,20,14,1,12,False,True,False,False,True,False,True,False,False,False,True,False,True,False,True,False
26,102.0345,50,63,3,8,False,True,False,False,True,False,True,False,False,False,True,False,True,True,False,False
26,346.2255,28,50,4,3,False,True,False,False,True,False,False,True,False,False,True,True,False,True,False,False
26,106.8057,74,96,6,4,False,True,False,False,True,False,False,True,False,False,True,False,True,True,False,False
26,27.72607,93,100,1,3,False,True,False,True,False,False,False,True,False,False,True,False,True,False,True,False
26,204.2343,50,72,2,1,False,True,False,False,False,True,True,False,False,False,True,True,False,True,False,False
26,1006.1,73,28,8,6,False,True,False,False,False,True,False,True,False,False,True,True,False,False,True,False
26,1142.043,100,100,,14,True,False,True,False,False,False,False,False,True,False,False,False,False,False,False,False
26,333.556,50,26,5,7,False,True,False,False,True,False,True,False,False,False,True,False,True,False,False,True
26,203.1413,18,50,6,13,False,True,False,False,True,False,False,True,False,False,True,True,False,False,True,False
26,124.3116,31,84,3,9,False,True,False,False,False,True,False,True,False,False,True,False,True,False,False,True
26,1697.981,100,100,,14,True,False,True,False,False,False,False,False,True,False,False,False,False,False,False,False
26,711.5457,40,74,7,15,False,True,False,False,False,True,False,True,False,False,True,False,True,False,False,True
26,180.7476,22,59,2,2,False,True,False,True,False,False,True,False,False,False,True,False,True,False,False,True
26,1073.365,14,71,5,15,False,True,False,False,True,False,False,True,False,False,True,True,False,True,False,False
26,209.7358,39,79,1,4,False,True,False,True,False,False,False,True,False,False,True,True,False,False,True,False
26,1182.751,100,100,,13,True,False,True,False,False,False,False,False,True,False,False,False,False,False,False,False
26,275.2822,6,8,7,10,False,True,False,False,True,False,False,True,False,False,True,True,False,False,False,True
26,592.6099,46,32,5,2,False,True,False,False,False,True,True,False,False,False,True,False,True,True,False,False
26,730.2563,10,26,4,11,False,True,False,False,False,True,True,False,False,False,True,True,False,False,True,False
26,421.7812,18,68,8,13,False,True,False,False,False,True,False,True,False,False,True,False,True,False,False,True
26,1433.105,100,100,,13,True,False,True,False,False,False,False,False,True,False,False,False,False,False,False,False
27,670.8361,40,60,2,11,False,True,False,False,True,False,True,False,False,False,True,False,True,True,False,False
27,1200.775,79,83,,11,True,False,True,False,False,False,False,False,True,False,False,False,False,False,False,False
27,599.2047,53,76,6,15,False,True,False,True,False,False,False,True,False,False,True,False,True,False,True,False
27,656.9084,37,50,2,11,False,True,False,False,True,False,True,False,False,False,True,True,False,False,False,True
27,863.46,45,84,8,16,False,True,False,False,True,False,True,False,False,False,True,True,False,False,False,True
27,568.7058,32,56,,12,False,True,False,False,True,False,False,False,True,False,False,False,False,False,False,False
27,238.3906,45,52,7,1,False,True,False,True,False,False,True,False,False,False,True,True,False,False,False,True
27,215.4197,48,68,8,14,False,True,False,True,False,False,False,True,False,False,True,False,True,False,True,False
27,139.0616,45,58,5,7,False,True,False,True,False,False,True,False,False,False,True,True,False,True,False,False
27,238.2823,50,59,7,13,False,True,False,True,False,False,False,True,False,False,True,True,False,True,False,False
27,72.35667,42,50,7,12,False,True,False,False,True,False,True,False,False,False,True,False,True,True,False,False
27,682.863,43,47,1,14,False,True,False,False,True,False,False,True,False,False,True,True,False,False,False,True
27,372.4669,39,50,4,12,False,True,False,False,True,False,True,False,False,False,True,False,True,False,False,True
27,319.0351,42,54,,12,False,True,False,False,False,True,False,False,True,False,False,False,False,False,False,False
27,726.4304,45,50,6,10,False,True,False,True,False,False,False,True,False,False,True,True,False,True,False,False
27,200.6781,44,48,3,1,False,True,False,False,True,False,True,False,False,False,True,True,False,False,True,False
27,1298.921,25,26,,11,True,False,True,False,False,False,False,False,True,False,False,False,False,False,False,False
27,1226.483,55,48,,12,True,False,True,False,False,False,False,False,True,False,False,False,False,False,False,False
27,1275.455,46,47,,12,True,False,True,False,False,False,False,False,True,False,False,False,False,False,False,False
27,612.8787,49,46,5,4,False,True,False,False,True,False,False,True,False,False,True,True,False,False,False,True
27,362.2483,44,55,6,7,False,True,False,False,False,True,True,False,False,False,True,True,False,False,True,False
27,399.7653,42,49,2,8,False,True,False,False,True,False,True,False,False,False,True,False,True,False,True,False
27,1258.407,66,57,,13,True,False,True,False,False,False,False,False,True,False,False,False,False,False,False,False
27,229.8115,45,61,4,10,False,True,False,True,False,False,False,True,False,False,True,False,True,False,True,False
27,800.8576,42,60,1,16,False,True,False,False,True,False,True,False,False,False,True,True,False,False,True,False
27,563.0933,46,51,5,9,False,True,False,False,True,False,False,True,False,False,True,False,True,True,False,False
27,615.1334,35,51,1,5,False,True,False,False,True,False,True,False,False,False,True,False,True,False,False,True
27,515.7891,34,49,,13,False,True,False,False,False,True,False,False,True,False,False,False,False,False,False,False
27,1172.339,46,47,3,16,False,True,False,False,True,False,True,False,False,False,True,True,False,True,False,False
27,80.34603,42,58,3,6,False,True,False,False,False,True,False,True,False,False,True,True,False,False,False,True
27,663.257,44,47,4,9,False,True,False,True,False,False,False,True,False,False,True,True,False,False,True,False
27,1442.711,46,43,,12,True,False,True,False,False,False,False,False,True,False,False,False,False,False,False,False
27,83.18677,51,64,2,8,False,True,False,False,True,False,True,False,False,False,True,True,False,False,False,True
27,470.2565,51,60,4,3,False,True,False,False,False,True,False,True,False,False,True,False,True,False,False,True
27,492.948,48,41,8,5,False,True,False,True,False,False,True,False,False,False,True,True,False,True,False,False
27,387.9177,42,48,7,5,False,True,False,False,False,True,True,False,False,False,True,False,True,False,True,False
27,271.1143,45,57,3,6,False,True,False,False,True,False,False,True,False,False,True,False,True,True,False,False
27,1596.188,39,37,,13,True,False,True,False,False,False,False,False,True,False,False,False,False,False,False,False
27,332.3271,44,50,8,14,False,True,False,False,True,False,False,True,False,False,True,False,True,True,False,False
27,1270.372,44,40,,13,True,False,True,False,False,False,False,False,True,False,False,False,False,False,False,False
27,409.165,46,68,6,2,False,True,False,True,False,False,True,False,False,False,True,False,True,False,True,False
27,1487.129,48,48,,13,True,False,True,False,False,False,False,False,True,False,False,False,False,False,False,False
27,380.1591,45,38,1,12,False,True,False,True,False,False,True,False,False,False,True,False,True,False,True,False
27,122.0769,49,46,3,8,False,True,False,True,False,False,True,False,False,False,True,False,True,True,False,False
27,431.6576,40,53,4,3,False,True,False,False,True,False,False,True,False,False,True,True,False,True,False,False
27,379.1591,47,91,6,4,False,True,False,False,True,False,False,True,False,False,True,False,True,True,False,False
27,443.3065,42,62,1,3,False,True,False,True,False,False,False,True,False,False,True,False,True,False,True,False
27,274.3824,44,49,2,1,False,True,False,False,True,False,True,False,False,False,True,True,False,True,False,False
27,162.7143,41,54,8,6,False,True,False,True,False,False,False,True,False,False,True,True,False,False,True,False
27,1574.663,52,52,,14,True,False,True,False,False,False,False,False,True,False,False,False,False,False,False,False
27,439.149,42,53,5,7,False,True,False,True,False,False,True,False,False,False,True,False,True,False,False,True
27,20.89642,43,50,6,13,False,True,False,True,False,False,False,True,False,False,True,True,False,False,True,False
27,413.1825,40,50,3,9,False,True,False,False,False,True,False,True,False,False,True,False,True,False,False,True
27,1270.478,45,35,,14,True,False,True,False,False,False,False,False,True,False,False,False,False,False,False,False
27,915.5949,46,42,7,15,False,True,False,True,False,False,False,True,False,False,True,False,True,False,False,True
27,242.8365,45,50,2,2,False,True,False,True,False,False,True,False,False,False,True,False,True,False,False,True
27,726.838,43,47,5,15,False,True,False,False,True,False,False,True,False,False,True,True,False,True,False,False
27,271.2292,46,52,1,4,False,True,False,True,False,False,False,True,False,False,True,True,False,False,True,False
27,1342.324,51,51,,13,True,False,True,False,False,False,False,False,True,False,False,False,False,False,False,False
27,286.4135,49,45,7,10,False,True,False,False,False,True,False,True,False,False,True,True,False,False,False,True
27,152.746,48,45,5,2,False,True,False,False,True,False,True,False,False,False,True,False,True,True,False,False
27,398.4821,44,43,4,11,False,True,False,True,False,False,True,False,False,False,True,True,False,False,True,False
27,70.97648,45,20,8,13,False,True,False,True,False,False,False,True,False,False,True,False,True,False,False,True
27,1578.056,37,34,,13,True,False,True,False,False,False,False,False,True,False,False,False,False,False,False,False
30,263.5102,8,10,12,1,False,True,False,True,False,False,False,True,False,False,True,True,False,False,False,True
30,986.6298,100,100,,2,True,False,True,False,False,False,False,False,True,False,False,False,False,False,False,False
30,944.1512,0,100,6,14,False,True,True,False,False,False,True,False,False,False,True,True,False,False,False,True
30,155.2953,24,58,12,1,False,True,False,False,True,False,False,True,False,False,True,True,False,True,False,False
30,430.9679,17,70,3,2,False,True,False,False,False,True,False,True,False,False,True,False,True,True,False,False
30,1062.802,100,100,,2,True,False,True,False,False,False,False,False,True,False,False,False,False,False,False,False
30,257.8119,37,40,12,1,False,True,False,True,False,False,False,True,False,False,True,True,False,False,True,False
30,203.7814,33,91,7,2,False,True,False,False,False,True,False,True,False,False,True,False,True,False,False,True
30,385.8684,22,71,3,2,False,True,False,True,False,False,False,True,False,False,True,False,True,False,True,False
30,552.8786,21,55,13,3,False,True,False,False,True,False,True,False,False,False,True,False,True,False,True,False
30,372.5488,31,77,3,4,False,True,False,True,False,False,True,False,False,False,True,True,False,False,True,False
30,315.3008,54,67,2,3,False,True,False,True,False,False,True,False,False,False,True,True,False,True,False,False
30,384.6739,31,53,13,3,False,True,False,False,True,False,True,False,False,False,True,False,True,False,False,True
30,1092.3,100,100,,1,True,False,True,False,False,False,False,False,True,False,False,False,False,False,False,False
30,273.7439,50,38,5,12,False,True,False,True,False,False,False,True,False,False,True,False,True,False,True,False
30,1146.033,86,75,7,4,True,False,True,False,False,False,True,False,False,False,True,True,False,False,False,True
30,1076.058,97,96,,2,True,False,True,False,False,False,False,False,True,False,False,False,False,False,False,False
30,961.7195,100,100,,6,True,False,True,False,False,False,False,False,True,False,False,False,False,False,False,False
30,1177.394,100,100,,3,True,False,True,False,False,False,False,False,True,False,False,False,False,False,False,False
30,1123.485,81,77,4,4,True,False,True,False,False,False,True,False,False,False,True,False,True,True,False,False
30,350.252,27,43,3,5,False,True,False,False,False,True,False,True,False,False,True,False,True,False,False,True
30,368.567,37,63,4,5,False,True,False,False,True,False,False,True,False,False,True,True,False,True,False,False
30,1015.818,100,100,,1,True,False,True,False,False,False,False,False,True,False,False,False,False,False,False,False
30,605.1874,23,23,13,6,False,True,False,False,True,False,True,False,False,False,True,True,False,False,False,True
30,518.7397,11,4,1,7,False,True,False,False,True,False,False,True,False,False,True,False,True,False,False,True
30,193.9149,28,30,5,13,False,True,False,True,False,False,True,False,False,False,True,True,False,False,True,False
30,378.1736,7,3,4,8,False,True,False,True,False,False,False,True,False,False,True,True,False,False,False,True
30,1145.056,100,100,,5,True,False,True,False,False,False,False,False,True,False,False,False,False,False,False,False
30,1124.037,86,80,12,6,True,False,True,False,False,False,True,False,False,False,True,False,True,True,False,False
30,1293.682,78,76,3,7,True,False,True,False,False,False,False,True,False,False,True,True,False,True,False,False
30,881.4601,27,35,13,9,True,False,True,False,False,False,True,False,False,False,True,False,True,False,False,True
30,970.9023,100,100,,8,True,False,True,False,False,False,False,False,True,False,False,False,False,False,False,False
30,1217.9,65,55,12,8,True,False,True,False,False,False,False,True,False,False,True,False,True,True,False,False
30,737.3893,68,59,6,9,False,True,False,True,False,False,True,False,False,False,True,False,True,True,False,False
30,1054.141,15,14,4,5,True,False,True,False,False,False,False,True,False,False,True,False,True,False,True,False
30,688.0616,4,1,8,10,False,True,True,False,False,False,True,False,False,False,True,True,False,True,False,False
30,640.5693,25,13,13,6,False,True,False,False,False,True,True,False,False,False,True,True,False,False,True,False
30,1026.56,100,100,,7,True,False,True,False,False,False,False,False,True,False,False,False,False,False,False,False
30,334.6359,50,50,5,7,False,True,False,False,False,True,False,True,False,False,True,True,False,False,True,False
30,1032.057,100,98,,7,True,False,True,False,False,False,False,False,True,False,False,False,False,False,False,False
30,1254.247,14,21,1,8,True,False,True,False,False,False,False,True,False,False,True,False,True,False,True,False
30,1054.4,100,100,,6,True,False,True,False,False,False,False,False,True,False,False,False,False,False,False,False
30,497.4146,28,63,4,10,False,True,False,True,False,False,True,False,False,False,True,True,False,False,False,True
30,437.8411,13,64,1,9,False,True,False,False,True,False,True,False,False,False,True,True,False,False,True,False
30,522.2142,0,3,5,10,False,True,False,False,True,False,True,False,False,False,True,False,True,False,True,False
30,805.7114,100,100,6,11,True,False,True,False,False,False,False,True,False,False,True,True,False,False,True,False
30,802.2718,23,66,1,11,False,True,False,True,False,False,False,True,False,False,True,True,False,False,False,True
30,757.696,50,100,12,12,False,True,False,False,False,True,False,True,False,False,True,False,True,False,False,True
30,1188.581,8,17,2,13,True,False,True,False,False,False,True,False,False,False,True,False,True,False,False,True
30,1310.084,100,100,,7,True,False,True,False,False,False,False,False,True,False,False,False,False,False,False,False
30,338.4783,10,25,4,11,False,True,False,False,True,False,False,True,False,False,True,False,True,True,False,False
30,370.7736,63,53,11,15,True,False,True,False,False,False,True,False,False,False,True,False,True,False,False,True
30,585.2458,25,50,6,12,False,True,False,True,False,False,False,True,False,False,True,False,True,True,False,False
30,979.3175,100,100,,7,True,False,True,False,False,False,False,False,True,False,False,False,False,False,False,False
30,204.9435,38,77,11,13,False,True,False,True,False,False,True,False,False,False,True,True,False,True,False,False
30,62.60559,50,72,2,14,False,True,False,True,False,False,True,False,False,False,True,False,True,True,False,False
30,360.7965,5,66,14,14,False,True,False,False,True,False,True,False,False,False,True,False,True,False,True,False
30,735.0383,28,64,5,16,False,True,False,True,False,False,False,True,False,False,True,True,False,False,False,True
30,866.9258,100,100,,8,True,False,True,False,False,False,False,False,True,False,False,False,False,False,False,False
30,572.1306,73,65,8,15,True,False,True,False,False,False,True,False,False,False,True,True,False,True,False,False
30,688.0506,50,35,8,15,False,True,False,False,True,False,True,False,False,False,True,False,True,False,True,False
30,537.0589,100,100,13,16,True,False,True,False,False,False,False,True,False,False,True,True,False,False,True,False
30,22.95284,100,79,14,16,False,True,False,False,True,False,False,True,False,False,True,True,False,True,False,False
30,1001.485,100,100,,8,True,False,True,False,False,False,False,False,True,False,False,False,False,False,False,False
31,3.930248,23,64,12,1,False,True,False,False,True,False,False,True,False,False,True,True,False,False,False,True
31,1105.76,100,100,,2,True,False,True,False,False,False,False,False,True,False,False,False,False,False,False,False
31,300.15,4,6,6,14,False,True,False,True,False,False,True,False,False,False,True,True,False,False,False,True
31,1067.561,65,71,12,1,True,False,True,False,False,False,False,True,False,False,True,True,False,True,False,False
31,10.18192,10,41,3,2,False,True,False,False,True,False,False,True,False,False,True,False,True,True,False,False
31,1241.674,100,100,,2,True,False,True,False,False,False,False,False,True,False,False,False,False,False,False,False
31,269.18,12,13,12,1,False,True,False,False,True,False,False,True,False,False,True,True,False,False,True,False
31,222.9204,62,100,7,2,False,True,False,False,False,True,False,True,False,False,True,False,True,False,False,True
31,498.8047,19,73,3,2,False,True,False,False,True,False,False,True,False,False,True,False,True,False,True,False
31,355.8541,11,61,13,3,False,True,False,True,False,False,True,False,False,False,True,False,True,False,True,False
31,150.4805,59,58,3,4,False,True,False,False,False,True,True,False,False,False,True,True,False,False,True,False
31,585.0435,3,16,2,3,False,True,False,False,True,False,True,False,False,False,True,True,False,True,False,False
31,472.4864,2,24,13,3,False,True,False,False,False,True,True,False,False,False,True,False,True,False,False,True
31,1101.624,100,100,,1,True,False,True,False,False,False,False,False,True,False,False,False,False,False,False,False
31,675.7,15,83,5,12,False,True,False,False,True,False,False,True,False,False,True,False,True,False,True,False
31,2.111207,6,58,7,4,False,True,False,True,False,False,True,False,False,False,True,True,False,False,False,True
31,1148.56,63,68,,2,True,False,True,False,False,False,False,False,True,False,False,False,False,False,False,False
31,1101.513,100,100,,6,True,False,True,False,False,False,False,False,True,False,False,False,False,False,False,False
31,984.5972,100,100,,3,True,False,True,False,False,False,False,False,True,False,False,False,False,False,False,False
31,392.2701,5,26,4,4,False,True,False,False,True,False,True,False,False,False,True,False,True,True,False,False
31,315.2711,80,100,3,5,False,True,False,False,False,True,False,True,False,False,True,False,True,False,False,True
31,116.7113,9,27,4,5,False,True,False,True,False,False,False,True,False,False,True,True,False,True,False,False
31,1487.52,100,100,,1,True,False,True,False,False,False,False,False,True,False,False,False,False,False,False,False
31,650.7826,12,2,13,6,False,True,False,False,True,False,True,False,False,False,True,True,False,False,False,True
31,1.350473,35,100,1,7,False,True,False,False,False,True,False,True,False,False,True,False,True,False,False,True
31,121.9123,10,37,5,13,False,True,False,True,False,False,True,False,False,False,True,True,False,False,True,False
31,189.3594,8,65,4,8,False,True,False,True,False,False,False,True,False,False,True,True,False,False,False,True
31,1078.598,100,100,,5,True,False,True,False,False,False,False,False,True,False,False,False,False,False,False,False
31,1.487521,22,81,12,6,False,True,False,True,False,False,True,False,False,False,True,False,True,True,False,False
31,505.1048,2,20,3,7,False,True,False,False,True,False,False,True,False,False,True,True,False,True,False,False
31,501.2831,14,60,13,9,False,True,False,True,False,False,True,False,False,False,True,False,True,False,False,True
31,1068.979,100,100,,8,True,False,True,False,False,False,False,False,True,False,False,False,False,False,False,False
31,551.0735,12,56,12,8,False,True,False,False,True,False,False,True,False,False,True,False,True,True,False,False
31,482.1977,14,33,6,9,False,True,False,True,False,False,True,False,False,False,True,False,True,True,False,False
31,606.9456,6,29,4,5,False,True,False,True,False,False,False,True,False,False,True,False,True,False,True,False
31,665.9878,8,69,8,10,False,True,False,False,True,False,True,False,False,False,True,True,False,True,False,False
31,431.0477,16,57,13,6,False,True,False,False,False,True,True,False,False,False,True,True,False,False,True,False
31,992.9637,100,100,,7,True,False,True,False,False,False,False,False,True,False,False,False,False,False,False,False
31,443.5081,20,85,5,7,False,True,False,False,True,False,False,True,False,False,True,True,False,False,True,False
31,1229.217,100,100,,7,True,False,True,False,False,False,False,False,True,False,False,False,False,False,False,False
31,411.9428,14,72,1,8,False,True,False,False,True,False,False,True,False,False,True,False,True,False,True,False
31,1101.786,100,100,,6,True,False,True,False,False,False,False,False,True,False,False,False,False,False,False,False
31,446.0176,6,70,4,10,False,True,False,False,True,False,True,False,False,False,True,True,False,False,False,True
31,217.0258,5,17,1,9,False,True,False,False,True,False,True,False,False,False,True,True,False,False,True,False
31,11.18547,6,18,5,10,False,True,False,True,False,False,True,False,False,False,True,False,True,False,True,False
31,342.6784,1,25,6,11,False,True,False,False,True,False,False,True,False,False,True,True,False,False,True,False
31,390.0789,11,24,1,11,False,True,False,False,True,False,False,True,False,False,True,True,False,False,False,True
31,544.3956,10,66,12,12,False,True,False,False,False,True,False,True,False,False,True,False,True,False,False,True
31,142.7623,12,29,2,13,False,True,False,False,False,True,True,False,False,False,True,False,True,False,False,True
31,1238.522,100,100,,7,True,False,True,False,False,False,False,False,True,False,False,False,False,False,False,False
31,724.5859,3,23,4,11,False,True,False,False,True,False,False,True,False,False,True,False,True,True,False,False
31,622.687,5,34,11,15,False,True,False,False,True,False,True,False,False,False,True,False,True,False,False,True
31,576.692,8,58,6,12,False,True,False,True,False,False,False,True,False,False,True,False,True,True,False,False
31,1146.995,100,100,,7,True,False,True,False,False,False,False,False,True,False,False,False,False,False,False,False
31,814.155,9,16,11,13,False,True,False,False,True,False,True,False,False,False,True,True,False,True,False,False
31,56.17506,28,39,2,14,False,True,False,False,True,False,True,False,False,False,True,False,True,True,False,False
31,215.8001,1,2,14,14,False,True,False,True,False,False,True,False,False,False,True,False,True,False,True,False
31,720.288,6,12,5,16,False,True,False,True,False,False,False,True,False,False,True,True,False,False,False,True
31,1220.271,100,100,,8,True,False,True,False,False,False,False,False,True,False,False,False,False,False,False,False
31,881.7886,17,18,8,15,False,True,False,False,True,False,True,False,False,False,True,True,False,True,False,False
31,708.5923,19,11,8,15,False,True,False,False,False,True,True,False,False,False,True,False,True,False,True,False
31,588.3892,100,100,13,16,True,False,True,False,False,False,False,True,False,False,True,True,False,False,True,False
31,776.2446,8,64,14,16,False,True,False,True,False,False,False,True,False,False,True,True,False,True,False,False
31,1106.628,92,93,,8,True,False,True,False,False,False,False,False,True,False,False,False,False,False,False,False
34,1473.222,3,1,2,14,False,True,False,True,False,False,False,True,False,False,True,False,True,False,True,False
34,1362.601,79,24,,12,True,False,True,False,False,False,False,False,True,False,False,False,False,False,False,False
34,479.4463,2,24,6,1,False,True,False,False,True,False,True,False,False,False,True,False,True,False,False,True
34,541.9807,1,7,2,15,False,True,False,False,True,False,False,True,False,False,True,True,False,True,False,False
34,1233.562,48,70,8,4,True,False,True,False,False,False,False,True,False,False,True,True,False,False,False,True
34,1328.53,100,100,,11,True,False,True,False,False,False,False,False,True,False,False,False,False,False,False,False
34,196.1042,1,83,7,3,False,True,False,False,True,False,False,True,False,False,True,True,False,True,False,False
34,58.10028,16,39,8,5,False,True,False,True,False,False,True,False,False,False,True,False,True,False,False,True
34,287.89,4,50,5,10,False,True,False,False,True,False,False,True,False,False,True,True,False,True,False,False
34,1269.074,60,73,7,7,True,False,True,False,False,False,True,False,False,False,True,True,False,False,True,False
34,437.5422,4,42,7,4,False,True,False,False,False,True,False,True,False,False,True,False,True,True,False,False
34,171.1455,3,38,1,8,False,True,False,True,False,False,True,False,False,False,True,True,False,False,False,True
34,486.7271,50,100,4,9,False,True,False,False,False,True,False,True,False,False,True,False,True,False,False,True
34,1258.622,100,94,,12,True,False,True,False,False,False,False,False,True,False,False,False,False,False,False,False
34,3.1585,1,46,6,7,False,True,False,False,True,False,True,False,False,False,True,True,False,True,False,False
34,274.7072,8,27,3,6,False,True,False,False,True,False,False,True,False,False,True,True,False,False,False,True
34,1321.968,100,98,,12,True,False,True,False,False,False,False,False,True,False,False,False,False,False,False,False
34,1292.988,81,70,,12,True,False,True,False,False,False,False,False,True,False,False,False,False,False,False,False
34,1379.124,100,100,,13,True,False,True,False,False,False,False,False,True,False,False,False,False,False,False,False
34,6.607545,32,74,5,5,False,True,False,True,False,False,True,False,False,False,True,True,False,True,False,False
34,473.1816,2,50,6,6,False,True,False,True,False,False,False,True,False,False,True,True,False,False,True,False
34,334.9877,3,50,2,13,False,True,False,True,False,False,False,True,False,False,True,False,True,False,False,True
34,1295.235,100,100,,12,True,False,True,False,False,False,False,False,True,False,False,False,False,False,False,False
34,236.5151,5,79,4,8,False,True,False,False,True,False,True,False,False,False,True,False,True,False,True,False
34,1547.582,1,1,1,14,True,False,True,False,False,False,False,True,False,False,True,True,False,False,False,True
34,203.9661,8,42,5,8,False,True,False,False,True,False,True,False,False,False,True,False,True,True,False,False
34,879.0626,1,3,1,15,False,True,False,False,False,True,False,True,False,False,True,False,True,False,False,True
34,1384.733,100,100,,14,True,False,True,False,False,False,False,False,True,False,False,False,False,False,False,False
34,242.7429,1,90,3,13,False,True,False,False,True,False,False,True,False,False,True,True,False,True,False,False
34,1296.121,0,0,3,16,False,True,False,True,False,False,True,False,False,False,True,True,False,False,False,True
34,248.153,1,50,4,2,False,True,False,False,True,False,True,False,False,False,True,True,False,False,True,False
34,1390.475,100,100,,13,True,False,True,False,False,False,False,False,True,False,False,False,False,False,False,False
34,423.2727,2,33,2,10,False,True,False,False,False,True,False,True,False,False,True,True,False,False,False,True
34,437.6263,0,30,4,7,False,True,False,False,True,False,True,False,False,False,True,False,True,False,False,True
34,538.0823,16,28,8,4,False,True,False,True,False,False,False,True,False,False,True,True,False,False,True,False
34,200.8183,27,100,7,3,False,True,False,False,False,True,False,True,False,False,True,False,True,False,False,True
34,724.0413,6,100,3,11,False,True,False,False,True,False,True,False,False,False,True,False,True,True,False,False
34,1332.561,100,100,,13,True,False,True,False,False,False,False,False,True,False,False,False,False,False,False,False
34,364.2288,1,21,8,1,False,True,False,False,True,False,True,False,False,False,True,False,True,False,True,False
34,1303.971,100,100,,13,True,False,True,False,False,False,False,False,True,False,False,False,False,False,False,False
34,396.6779,28,100,6,3,False,True,False,True,False,False,False,True,False,False,True,False,True,False,True,False
34,1377.348,100,100,,11,True,False,True,False,False,False,False,False,True,False,False,False,False,False,False,False
34,718.3547,28,100,1,15,False,True,False,False,False,True,False,True,False,False,True,False,True,False,True,False
34,521.6079,4,100,3,9,False,True,False,False,True,False,False,True,False,False,True,False,True,True,False,False
34,720.3641,0,0,4,11,False,True,False,False,True,False,True,False,False,False,True,True,False,False,True,False
34,207.8677,0,5,6,12,False,True,False,False,False,True,True,False,False,False,True,False,True,False,True,False
34,104.7355,2,79,1,5,False,True,False,False,True,False,True,False,False,False,True,False,True,False,True,False
34,167.4095,3,69,2,13,False,True,False,True,False,False,False,True,False,False,True,True,False,False,True,False
34,454.3024,0,87,8,11,False,True,False,False,False,True,True,False,False,False,True,True,False,False,False,True
34,1381.81,100,100,,12,True,False,True,False,False,False,False,False,True,False,False,False,False,False,False,False
34,328.0664,1,11,5,6,False,True,False,False,True,False,False,True,False,False,True,False,True,True,False,False
34,1516.369,0,1,6,2,True,False,False,False,True,False,True,False,False,False,True,True,False,False,False,True
34,461.2192,14,100,3,12,False,True,False,False,False,True,True,False,False,False,True,False,True,False,False,True
34,1364.696,100,100,,13,True,False,True,False,False,False,False,False,True,False,False,False,False,False,False,False
34,335.343,1,21,7,12,False,True,False,True,False,False,True,False,False,False,True,False,True,True,False,False
34,449.1739,8,37,2,14,False,True,False,False,True,False,False,True,False,False,True,False,True,True,False,False
34,947.3851,1,16,5,16,False,True,False,False,True,False,True,False,False,False,True,True,False,True,False,False
34,681.6372,1,18,1,16,False,True,False,False,True,False,True,False,False,False,True,True,False,False,True,False
34,1421.871,100,100,,14,True,False,True,False,False,False,False,False,True,False,False,False,False,False,False,False
34,109.751,11,100,7,2,False,True,False,True,False,False,True,False,False,False,True,True,False,True,False,False
34,1795.497,12,6,5,10,True,False,False,True,False,False,False,True,False,False,True,False,True,False,True,False
34,116.7769,0,19,4,9,False,True,False,True,False,False,False,True,False,False,True,True,False,False,True,False
34,151.2834,10,0,8,1,False,True,False,False,True,False,True,False,False,False,True,False,True,True,False,False
34,1409.393,100,100,,13,True,False,True,False,False,False,False,False,True,False,False,False,False,False,False,False
35,300.9871,60,40,2,14,False,True,False,False,True,False,False,True,False,False,True,False,True,False,True,False
35,1114.33,75,100,,12,True,False,True,False,False,False,False,False,True,False,False,False,False,False,False,False
35,894.7639,91,96,6,1,True,False,True,False,False,False,True,False,False,False,True,False,True,False,False,True
35,1080.212,70,85,2,15,False,True,False,True,False,False,False,True,False,False,True,True,False,True,False,False
35,1125.807,100,100,8,4,True,False,True,False,False,False,False,True,False,False,True,True,False,False,False,True
35,1043.697,100,100,,11,True,False,True,False,False,False,False,False,True,False,False,False,False,False,False,False
35,419.6668,77,85,7,3,False,True,False,True,False,False,False,True,False,False,True,True,False,True,False,False
35,215.4234,87,100,8,5,False,True,False,False,True,False,True,False,False,False,True,False,True,False,False,True
35,523.4979,71,80,5,10,False,True,False,True,False,False,False,True,False,False,True,True,False,True,False,False
35,1159.305,92,100,7,7,True,False,True,False,False,False,True,False,False,False,True,True,False,False,True,False
35,185.1053,91,100,7,4,False,True,False,False,True,False,False,True,False,False,True,False,True,True,False,False
35,685.5173,77,100,1,8,False,True,False,False,True,False,True,False,False,False,True,True,False,False,False,True
35,320.498,90,91,4,9,False,True,False,True,False,False,False,True,False,False,True,False,True,False,False,True
35,1259.734,100,100,,12,True,False,True,False,False,False,False,False,True,False,False,False,False,False,False,False
35,917.3773,100,100,6,7,True,False,True,False,False,False,True,False,False,False,True,True,False,True,False,False
35,542.6705,65,100,3,6,False,True,False,True,False,False,False,True,False,False,True,True,False,False,False,True
35,1197.196,100,100,,12,True,False,True,False,False,False,False,False,True,False,False,False,False,False,False,False
35,1236.689,100,100,,12,True,False,True,False,False,False,False,False,True,False,False,False,False,False,False,False
35,938.0457,100,100,,13,True,False,True,False,False,False,False,False,True,False,False,False,False,False,False,False
35,618.6724,74,77,5,5,False,True,False,False,True,False,True,False,False,False,True,True,False,True,False,False
35,123.9063,71,100,6,6,False,True,False,False,True,False,False,True,False,False,True,True,False,False,True,False
35,420.7209,80,80,2,13,False,True,False,False,False,True,False,True,False,False,True,False,True,False,False,True
35,1020.932,100,100,,12,True,False,True,False,False,False,False,False,True,False,False,False,False,False,False,False
35,643.9724,82,94,4,8,False,True,False,False,True,False,True,False,False,False,True,False,True,False,True,False
35,213.6679,75,84,1,14,False,True,False,True,False,False,False,True,False,False,True,True,False,False,False,True
35,56.81197,80,80,5,8,False,True,False,False,False,True,True,False,False,False,True,False,True,True,False,False
35,447.8387,47,50,1,15,True,False,True,False,False,False,False,True,False,False,True,False,True,False,False,True
35,1288.029,100,100,,14,True,False,True,False,False,False,False,False,True,False,False,False,False,False,False,False
35,495.3397,100,100,3,13,False,True,False,False,True,False,False,True,False,False,True,True,False,True,False,False
35,798.7255,50,50,3,16,False,True,False,False,True,False,True,False,False,False,True,True,False,False,False,True
35,774.812,80,80,4,2,False,True,False,True,False,False,True,False,False,False,True,True,False,False,True,False
35,1011.756,100,100,,13,True,False,True,False,False,False,False,False,True,False,False,False,False,False,False,False
35,274.0815,73,75,2,10,False,True,False,False,False,True,False,True,False,False,True,True,False,False,False,True
35,6.822288,75,75,4,7,False,True,False,True,False,False,True,False,False,False,True,False,True,False,False,True
35,207.6867,84,70,8,4,False,True,False,False,True,False,False,True,False,False,True,True,False,False,True,False
35,180.4203,100,100,7,3,False,True,False,False,False,True,False,True,False,False,True,False,True,False,False,True
35,446.6077,80,77,3,11,False,True,False,False,False,True,True,False,False,False,True,False,True,True,False,False
35,1208.089,100,100,,13,True,False,True,False,False,False,False,False,True,False,False,False,False,False,False,False
35,450.1196,75,77,8,1,False,True,False,False,False,True,True,False,False,False,True,False,True,False,True,False
35,1286.38,100,100,,13,True,False,True,False,False,False,False,False,True,False,False,False,False,False,False,False
35,233.4102,81,80,6,3,False,True,False,True,False,False,False,True,False,False,True,False,True,False,True,False
35,1146.733,100,100,,11,True,False,True,False,False,False,False,False,True,False,False,False,False,False,False,False
35,6.258571,100,100,1,15,False,True,False,True,False,False,False,True,False,False,True,False,True,False,True,False
35,858.2543,75,79,3,9,False,True,False,False,True,False,False,True,False,False,True,False,True,True,False,False
35,683.782,91,90,4,11,False,True,False,False,False,True,True,False,False,False,True,True,False,False,True,False
35,311.7072,100,100,6,12,False,True,False,False,False,True,True,False,False,False,True,False,True,False,True,False
35,674.1526,73,76,1,5,False,True,False,True,False,False,True,False,False,False,True,False,True,False,True,False
35,0.6561161,41,50,2,13,False,True,False,False,True,False,False,True,False,False,True,True,False,False,True,False
35,867.0897,26,50,8,11,False,True,False,False,True,False,True,False,False,False,True,True,False,False,False,True
35,931.2017,100,100,,12,True,False,True,False,False,False,False,False,True,False,False,False,False,False,False,False
35,274.635,71,78,5,6,False,True,False,True,False,False,False,True,False,False,True,False,True,True,False,False
35,1472.131,100,100,6,2,True,False,True,False,False,False,True,False,False,False,True,True,False,False,False,True
35,814.4177,50,50,3,12,False,True,False,True,False,False,True,False,False,False,True,False,True,False,False,True
35,1274.474,100,100,,13,True,False,True,False,False,False,False,False,True,False,False,False,False,False,False,False
35,679.3285,74,75,7,12,False,True,False,True,False,False,True,False,False,False,True,False,True,True,False,False
35,237.656,78,76,2,14,False,True,False,True,False,False,False,True,False,False,True,False,True,True,False,False
35,678.2579,50,72,5,16,False,True,False,False,False,True,True,False,False,False,True,True,False,True,False,False
35,693.8015,50,75,1,16,False,True,False,False,False,True,True,False,False,False,True,True,False,False,True,False
35,1360.588,88,88,,14,True,False,True,False,False,False,False,False,True,False,False,False,False,False,False,False
35,349.5926,78,77,7,2,False,True,False,True,False,False,True,False,False,False,True,True,False,True,False,False
35,280.9488,79,76,5,10,False,True,False,True,False,False,False,True,False,False,True,False,True,False,True,False
35,485.4217,75,75,4,9,False,True,False,True,False,False,False,True,False,False,True,True,False,False,True,False
35,158.8461,77,70,8,1,False,True,False,True,False,False,True,False,False,False,True,False,True,True,False,False
35,1182.438,100,100,,13,True,False,True,False,False,False,False,False,True,False,False,False,False,False,False,False
36,1185.95,79,79,4,6,True,False,True,False,False,False,True,False,False,False,True,False,True,False,False,True
36,1383.999,100,100,,2,True,False,True,False,False,False,False,False,True,False,False,False,False,False,False,False
36,493.7665,87,85,1,11,False,True,False,False,False,True,False,True,False,False,True,False,True,False,False,True
36,437.236,16,35,4,10,False,True,False,True,False,False,True,False,False,False,True,True,False,False,True,False
36,1161.642,96,93,6,9,True,False,True,False,False,False,True,False,False,False,True,True,False,False,False,True
36,1194.611,100,100,,2,True,False,True,False,False,False,False,False,True,False,False,False,False,False,False,False
36,1705.883,88,77,1,9,True,False,True,False,False,False,True,False,False,False,True,True,False,True,False,False
36,205.7882,31,44,5,8,False,True,False,False,True,False,False,True,False,False,True,False,True,False,False,True
36,1133.695,85,68,5,15,False,True,False,False,False,True,True,False,False,False,True,True,False,False,True,False
36,1519.324,100,100,7,8,True,False,True,False,False,False,False,True,False,False,True,True,False,False,True,False
36,195.6493,77,91,3,13,False,True,False,False,False,True,True,False,False,False,True,False,True,True,False,False
36,2008.334,84,77,6,11,True,False,True,False,False,False,False,True,False,False,True,True,False,True,False,False
36,967.4623,50,66,3,15,False,True,False,False,False,True,True,False,False,False,True,False,True,True,False,False
36,1481.272,100,100,,1,True,False,True,False,False,False,False,False,True,False,False,False,False,False,False,False
36,590.2458,50,80,4,2,False,True,False,False,False,True,False,True,False,False,True,True,False,False,True,False
36,1340.066,66,81,5,4,True,False,True,False,False,False,True,False,False,False,True,True,False,True,False,False
36,338.7919,51,92,,2,False,True,False,False,False,True,False,False,True,False,False,False,False,False,False,False
36,1326.54,100,100,,6,True,False,True,False,False,False,False,False,True,False,False,False,False,False,False,False
36,1358.273,100,100,,3,True,False,True,False,False,False,False,False,True,False,False,False,False,False,False,False
36,237.7711,51,93,1,2,False,True,False,True,False,False,False,True,False,False,True,True,False,True,False,False
36,944.2162,100,100,13,3,False,True,True,False,False,False,True,False,False,False,True,True,False,False,True,False
36,204.2717,36,100,1,3,False,True,False,False,True,False,True,False,False,False,True,False,True,True,False,False
36,1386.683,100,100,,1,True,False,True,False,False,False,False,False,True,False,False,False,False,False,False,False
36,193.072,100,100,6,16,False,True,False,False,False,True,False,True,False,False,True,False,True,False,False,True
36,1904.109,92,88,12,15,True,False,True,False,False,False,True,False,False,False,True,True,False,False,False,True
36,170.8334,79,81,2,11,False,True,False,False,False,True,False,True,False,False,True,False,True,False,True,False
36,441.1841,50,50,5,4,False,True,False,True,False,False,True,False,False,False,True,False,True,False,False,True
36,1426.64,100,100,,5,True,False,True,False,False,False,False,False,True,False,False,False,False,False,False,False
36,537.3361,50,50,11,14,False,True,False,False,True,False,True,False,False,False,True,True,False,True,False,False
36,1654.77,100,100,12,8,True,False,True,False,False,False,False,True,False,False,True,True,False,True,False,False
36,1025.881,100,100,3,2,True,False,True,False,False,False,False,True,False,False,True,True,False,False,False,True
36,1264.087,100,100,,8,True,False,True,False,False,False,False,False,True,False,False,False,False,False,False,False
36,1462.564,100,100,13,6,True,False,True,False,False,False,True,False,False,False,True,True,False,True,False,False
36,291.7492,50,93,8,7,False,True,False,False,True,False,False,True,False,False,True,False,True,True,False,False
36,1587.977,86,95,14,3,True,False,True,False,False,False,True,False,False,False,True,True,False,False,False,True
36,1129.489,90,78,4,14,True,False,True,False,False,False,True,False,False,False,True,False,True,False,False,True
36,314.5707,81,78,12,7,False,True,False,False,True,False,False,True,False,False,True,False,True,False,True,False
36,1554.327,100,100,,7,True,False,True,False,False,False,False,False,True,False,False,False,False,False,False,False
36,1538.612,100,100,11,1,True,False,True,False,False,False,False,True,False,False,True,False,True,False,True,False
36,1270.013,100,100,,7,True,False,True,False,False,False,False,False,True,False,False,False,False,False,False,False
36,726.4939,21,63,14,10,False,True,False,False,False,True,True,False,False,False,True,False,True,False,False,True
36,1219.658,100,100,,6,True,False,True,False,False,False,False,False,True,False,False,False,False,False,False,False
36,99.45237,71,72,6,6,False,True,False,False,False,True,True,False,False,False,True,False,True,False,True,False
36,1173.795,100,100,4,13,True,False,True,False,False,False,True,False,False,False,True,False,True,False,True,False
36,1353.198,100,100,2,5,True,False,True,False,False,False,False,True,False,False,True,True,False,False,True,False
36,478.1995,65,79,13,16,False,True,False,False,False,True,False,True,False,False,True,False,True,False,True,False
36,682.7851,72,88,13,1,False,True,False,False,False,True,False,True,False,False,True,False,True,False,False,True
36,1468.985,100,100,4,13,True,False,True,False,False,False,True,False,False,False,True,True,False,False,False,True
36,1368.57,100,100,12,5,True,False,True,False,False,False,False,True,False,False,True,True,False,False,False,True
36,1241.213,100,100,,7,True,False,True,False,False,False,False,False,True,False,False,False,False,False,False,False
36,467.2892,74,74,7,10,False,True,False,True,False,False,True,False,False,False,True,False,True,True,False,False
36,1286.056,100,100,8,7,True,False,True,False,False,False,False,True,False,False,True,True,False,False,False,True
36,469.5194,81,56,2,5,False,True,True,False,False,False,False,True,False,False,True,False,True,True,False,False
36,1413.59,100,100,,7,True,False,True,False,False,False,False,False,True,False,False,False,False,False,False,False
36,6.148427,100,100,13,16,False,True,False,True,False,False,False,True,False,False,True,False,True,True,False,False
36,694.2764,89,87,12,4,False,True,False,False,False,True,True,False,False,False,True,False,True,False,True,False
36,966.515,100,100,8,12,True,False,True,False,False,False,False,True,False,False,True,True,False,False,True,False
36,760.2498,34,83,13,12,False,True,False,False,False,True,False,True,False,False,True,True,False,False,False,True
36,1358.034,100,100,,8,True,False,True,False,False,False,False,False,True,False,False,False,False,False,False,False
36,725.9606,57,75,5,12,False,True,False,False,False,True,False,True,False,False,True,True,False,True,False,False
36,336.7114,84,72,3,9,False,True,False,False,True,False,True,False,False,False,True,False,True,False,True,False
36,1112.223,100,100,3,14,True,False,True,False,False,False,True,False,False,False,True,True,False,False,True,False
36,1204.818,100,100,12,1,True,False,True,False,False,False,False,True,False,False,True,False,True,True,False,False
36,1147.66,100,100,,8,True,False,True,False,False,False,False,False,True,False,False,False,False,False,False,False
37,1429.746,70,71,4,6,True,False,True,False,False,False,True,False,False,False,True,False,True,False,False,True
37,1150.05,40,41,,2,True,False,False,False,True,False,False,False,True,False,False,False,False,False,False,False
37,726.1117,21,38,1,11,False,True,False,True,False,False,False,True,False,False,True,False,True,False,False,True
37,501.7521,65,58,4,10,False,True,False,True,False,False,True,False,False,False,True,True,False,False,True,False
37,692.8096,30,68,6,9,False,True,False,False,False,True,True,False,False,False,True,True,False,False,False,True
37,1211.015,100,100,,2,True,False,True,False,False,False,False,False,True,False,False,False,False,False,False,False
37,481.7663,40,80,1,9,False,True,False,False,True,False,True,False,False,False,True,True,False,True,False,False
37,124.2212,30,77,5,8,False,True,False,False,False,True,False,True,False,False,True,False,True,False,False,True
37,910.951,45,64,5,15,False,True,False,False,False,True,True,False,False,False,True,True,False,False,True,False
37,279.4627,62,90,7,8,False,True,False,False,True,False,False,True,False,False,True,True,False,False,True,False
37,138.1684,36,32,3,13,False,True,False,False,False,True,True,False,False,False,True,False,True,True,False,False
37,357.104,26,85,6,11,False,True,False,False,True,False,False,True,False,False,True,True,False,True,False,False
37,695.6017,77,90,3,15,False,True,False,False,True,False,True,False,False,False,True,False,True,True,False,False
37,1129.166,100,100,,1,True,False,True,False,False,False,False,False,True,False,False,False,False,False,False,False
37,335.8334,36,83,4,2,False,True,False,True,False,False,False,True,False,False,True,True,False,False,True,False
37,3.159275,54,71,5,4,False,True,False,False,True,False,True,False,False,False,True,True,False,True,False,False
37,730.9172,41,90,,2,False,True,False,False,False,True,False,False,True,False,False,False,False,False,False,False
37,1297.196,100,100,,6,True,False,True,False,False,False,False,False,True,False,False,False,False,False,False,False
37,1171.204,100,100,,3,True,False,True,False,False,False,False,False,True,False,False,False,False,False,False,False
37,315.4857,34,92,1,2,False,True,False,False,True,False,False,True,False,False,True,True,False,True,False,False
37,598.2648,46,62,13,3,False,True,False,False,True,False,True,False,False,False,True,True,False,False,True,False
37,1059.802,40,45,1,3,True,False,True,False,False,False,True,False,False,False,True,False,True,True,False,False
37,1375.774,100,100,,1,True,False,True,False,False,False,False,False,True,False,False,False,False,False,False,False
37,614.2721,30,29,6,16,True,False,True,False,False,False,False,True,False,False,True,False,True,False,False,True
37,744.9733,27,78,12,15,False,True,False,True,False,False,True,False,False,False,True,True,False,False,False,True
37,745.7574,26,31,2,11,False,True,False,False,False,True,False,True,False,False,True,False,True,False,True,False
37,1332.988,24,19,5,4,False,True,True,False,False,False,True,False,False,False,True,False,True,False,False,True
37,1140.417,100,100,,5,True,False,True,False,False,False,False,False,True,False,False,False,False,False,False,False
37,148.2348,66,57,11,14,False,True,False,False,False,True,True,False,False,False,True,True,False,True,False,False
37,259.1397,45,100,12,8,False,True,False,False,True,False,False,True,False,False,True,True,False,True,False,False
37,1100.235,59,28,3,2,True,False,True,False,False,False,False,True,False,False,True,True,False,False,False,True
37,1437.748,100,100,,8,True,False,True,False,False,False,False,False,True,False,False,False,False,False,False,False
37,723.3117,74,80,13,6,False,True,False,True,False,False,True,False,False,False,True,True,False,True,False,False
37,287.9338,54,83,8,7,False,True,False,False,True,False,False,True,False,False,True,False,True,True,False,False
37,413.0042,57,88,14,3,False,True,False,False,True,False,True,False,False,False,True,True,False,False,False,True
37,416.1009,62,100,4,14,False,True,False,True,False,False,True,False,False,False,True,False,True,False,False,True
37,356.0206,31,77,12,7,False,True,False,True,False,False,False,True,False,False,True,False,True,False,True,False
37,439.199,28,39,,7,False,True,False,False,False,True,False,False,True,False,False,False,False,False,False,False
37,445.3251,57,91,11,1,False,True,False,False,True,False,False,True,False,False,True,False,True,False,True,False
37,1351.924,100,100,,7,True,False,True,False,False,False,False,False,True,False,False,False,False,False,False,False
37,136.1124,24,13,14,10,False,True,False,True,False,False,True,False,False,False,True,False,True,False,False,True
37,1444.639,100,100,,6,True,False,True,False,False,False,False,False,True,False,False,False,False,False,False,False
37,1491.565,71,74,6,6,True,False,True,False,False,False,True,False,False,False,True,False,True,False,True,False
37,282.7668,54,86,4,13,False,True,False,False,False,True,True,False,False,False,True,False,True,False,True,False
37,107.1062,100,100,2,5,True,False,True,False,False,False,False,True,False,False,True,True,False,False,True,False
37,787.1234,65,92,13,16,False,True,False,False,True,False,False,True,False,False,True,False,True,False,True,False
37,727.2747,26,42,13,1,False,True,False,False,False,True,False,True,False,False,True,False,True,False,False,True
37,811.8665,55,93,4,13,False,True,False,False,True,False,True,False,False,False,True,True,False,False,False,True
37,1431.847,67,72,12,5,True,False,True,False,False,False,False,True,False,False,True,True,False,False,False,True
37,1419.284,100,100,,7,True,False,True,False,False,False,False,False,True,False,False,False,False,False,False,False
37,135.4527,54,74,7,10,False,True,False,False,True,False,True,False,False,False,True,False,True,True,False,False
37,1558.201,42,53,8,7,True,False,True,False,False,False,False,True,False,False,True,True,False,False,False,True
37,663.4311,57,91,2,5,False,True,False,False,True,False,False,True,False,False,True,False,True,True,False,False
37,1390.814,100,100,,7,True,False,True,False,False,False,False,False,True,False,False,False,False,False,False,False
37,883.9635,62,88,13,16,False,True,False,True,False,False,False,True,False,False,True,False,True,True,False,False
37,205.6426,35,30,12,4,False,True,False,False,False,True,True,False,False,False,True,False,True,False,True,False
37,1097.112,100,100,8,12,True,False,True,False,False,False,False,True,False,False,True,True,False,False,True,False
37,1045.483,100,100,13,12,True,False,True,False,False,False,False,True,False,False,True,True,False,False,False,True
37,1456.174,100,100,,8,True,False,True,False,False,False,False,False,True,False,False,False,False,False,False,False
37,754.4138,63,97,5,12,False,True,False,False,True,False,False,True,False,False,True,True,False,True,False,False
37,1358.883,90,93,3,9,True,False,True,False,False,False,True,False,False,False,True,False,True,False,True,False
37,1213.961,87,89,3,14,True,False,True,False,False,False,True,False,False,False,True,True,False,False,True,False
37,42.15428,64,80,12,1,False,True,False,False,True,False,False,True,False,False,True,False,True,True,False,False
37,137.3297,100,100,,8,True,False,True,False,False,False,False,False,True,False,False,False,False,False,False,False
39,858.3059,50,50,2,11,True,False,True,False,False,False,True,False,False,False,True,False,True,True,False,False
39,1166.851,100,100,,11,True,False,True,False,False,False,False,False,True,False,False,False,False,False,False,False
39,544.9172,50,19,6,15,False,True,True,False,False,False,False,True,False,False,True,False,True,False,True,False
39,982.4438,39,48,2,11,False,True,True,False,False,False,True,False,False,False,True,True,False,False,False,True
39,551.8927,50,50,8,16,False,True,True,False,False,False,True,False,False,False,True,True,False,False,False,True
39,246.9317,30,32,,12,False,True,False,True,False,False,False,False,True,False,False,False,False,False,False,False
39,500.144,20,20,7,1,False,True,False,False,True,False,True,False,False,False,True,True,False,False,False,True
39,130.7113,30,40,8,14,False,True,False,False,False,True,False,True,False,False,True,False,True,False,True,False
39,952.7836,30,77,5,7,False,True,False,False,False,True,True,False,False,False,True,True,False,True,False,False
39,699.5746,82,82,7,13,False,True,False,False,False,True,False,True,False,False,True,True,False,True,False,False
39,889.8821,24,49,7,12,False,True,False,False,True,False,True,False,False,False,True,False,True,True,False,False
39,304.3732,50,24,1,14,False,True,False,True,False,False,False,True,False,False,True,True,False,False,False,True
39,506.5759,22,50,4,12,False,True,False,False,True,False,True,False,False,False,True,False,True,False,False,True
39,1148.952,84,95,,12,True,False,True,False,False,False,False,False,True,False,False,False,False,False,False,False
39,277.8416,23,50,6,10,False,True,False,False,True,False,False,True,False,False,True,True,False,True,False,False
39,441.2715,25,66,3,1,False,True,False,False,False,True,True,False,False,False,True,True,False,False,True,False
39,1051.587,88,88,,11,True,False,True,False,False,False,False,False,True,False,False,False,False,False,False,False
39,1120.67,100,100,,12,True,False,True,False,False,False,False,False,True,False,False,False,False,False,False,False
39,1333.111,100,100,,12,True,False,True,False,False,False,False,False,True,False,False,False,False,False,False,False
39,575.8519,43,100,5,4,False,True,False,False,False,True,False,True,False,False,True,True,False,False,False,True
39,1161.329,100,100,6,7,False,True,True,False,False,False,True,False,False,False,True,True,False,False,True,False
39,395.8027,36,65,2,8,False,True,False,False,True,False,True,False,False,False,True,False,True,False,True,False
39,244.1337,32,96,,13,False,True,False,False,True,False,False,False,True,False,False,False,False,False,False,False
39,507.2604,23,50,4,10,False,True,False,True,False,False,False,True,False,False,True,False,True,False,True,False
39,639.1238,92,91,1,16,True,False,True,False,False,False,True,False,False,False,True,True,False,False,True,False
39,552.1822,71,86,5,9,False,True,False,False,True,False,False,True,False,False,True,False,True,True,False,False
39,315.5551,34,98,1,5,False,True,False,False,False,True,True,False,False,False,True,False,True,False,False,True
39,1261.666,96,97,,13,True,False,True,False,False,False,False,False,True,False,False,False,False,False,False,False
39,692.2853,28,100,3,16,False,True,False,False,False,True,True,False,False,False,True,True,False,True,False,False
39,405.8823,34,100,3,6,False,True,False,False,False,True,False,True,False,False,True,True,False,False,False,True
39,322.3474,27,100,4,9,False,True,False,False,False,True,False,True,False,False,True,True,False,False,True,False
39,1127.831,100,100,,12,True,False,True,False,False,False,False,False,True,False,False,False,False,False,False,False
39,1167.558,100,100,2,8,False,True,True,False,False,False,True,False,False,False,True,True,False,False,False,True
39,421.2058,50,22,4,3,False,True,False,True,False,False,False,True,False,False,True,False,True,False,False,True
39,406.4036,20,91,8,5,False,True,False,False,False,True,True,False,False,False,True,True,False,True,False,False
39,551.8195,31,29,7,5,False,True,False,False,True,False,True,False,False,False,True,False,True,False,True,False
39,734.4367,19,100,3,6,False,True,False,False,True,False,False,True,False,False,True,False,True,True,False,False
39,941.3973,100,100,,13,True,False,True,False,False,False,False,False,True,False,False,False,False,False,False,False
39,311.0534,50,51,8,14,False,True,False,False,True,False,False,True,False,False,True,False,True,True,False,False
39,1420.572,100,100,,13,True,False,True,False,False,False,False,False,True,False,False,False,False,False,False,False
39,382.3421,37,50,6,2,False,True,False,True,False,False,True,False,False,False,True,False,True,False,True,False
39,991.7666,54,56,,13,True,False,True,False,False,False,False,False,True,False,False,False,False,False,False,False
39,580.5326,25,26,1,12,False,True,False,True,False,False,True,False,False,False,True,False,True,False,True,False
39,409.6706,50,100,3,8,False,True,False,True,False,False,True,False,False,False,True,False,True,True,False,False
39,357.8232,74,99,4,3,False,True,False,False,False,True,False,True,False,False,True,True,False,True,False,False
39,650.4799,68,92,6,4,False,True,False,False,True,False,False,True,False,False,True,False,True,True,False,False
39,24.51783,39,40,1,3,False,True,False,False,True,False,False,True,False,False,True,False,True,False,True,False
39,715.022,13,21,2,1,False,True,False,True,False,False,True,False,False,False,True,True,False,True,False,False
39,693.6107,69,98,8,6,False,True,False,False,False,True,False,True,False,False,True,True,False,False,True,False
39,1131.248,100,100,,14,True,False,True,False,False,False,False,False,True,False,False,False,False,False,False,False
39,758.4473,14,17,5,7,False,True,False,False,False,True,True,False,False,False,True,False,True,False,False,True
39,415.4716,21,100,6,13,False,True,False,False,False,True,False,True,False,False,True,True,False,False,True,False
39,388.1081,32,65,3,9,False,True,False,False,True,False,False,True,False,False,True,False,True,False,False,True
39,1242.185,100,100,,14,True,False,True,False,False,False,False,False,True,False,False,False,False,False,False,False
39,677.0641,100,100,7,15,False,True,True,False,False,False,False,True,False,False,True,False,True,False,False,True
39,253.9964,31,38,2,2,False,True,False,False,True,False,True,False,False,False,True,False,True,False,False,True
39,686.7549,100,100,5,15,True,False,True,False,False,False,False,True,False,False,True,True,False,True,False,False
39,492.3579,50,78,1,4,False,True,False,True,False,False,False,True,False,False,True,True,False,False,True,False
39,867.7515,96,88,,13,True,False,True,False,False,False,False,False,True,False,False,False,False,False,False,False
39,1014.449,96,100,7,10,False,True,True,False,False,False,False,True,False,False,True,True,False,False,False,True
39,419.974,33,50,5,2,False,True,False,False,True,False,True,False,False,False,True,False,True,True,False,False
39,435.4602,37,38,4,11,False,True,False,True,False,False,True,False,False,False,True,True,False,False,True,False
39,656.8082,24,35,8,13,False,True,False,False,True,False,False,True,False,False,True,False,True,False,False,True
39,1431.453,82,81,,13,True,False,True,False,False,False,False,False,True,False,False,False,False,False,False,False
41,1022.626,100,100,2,14,False,True,True,False,False,False,False,True,False,False,True,False,True,False,True,False
41,1219.622,80,80,,12,True,False,True,False,False,False,False,False,True,False,False,False,False,False,False,False
41,226.3035,40,40,6,1,False,True,False,False,False,True,True,False,False,False,True,False,True,False,False,True
41,606.8237,50,50,2,15,False,True,False,True,False,False,False,True,False,False,True,True,False,True,False,False
41,275.9068,71,100,8,4,False,True,False,False,False,True,False,True,False,False,True,True,False,False,False,True
41,1269.568,80,81,,11,True,False,True,False,False,False,False,False,True,False,False,False,False,False,False,False
41,628.7387,80,80,7,3,False,True,False,False,False,True,False,True,False,False,True,True,False,True,False,False
41,478.8143,100,100,8,5,False,True,False,False,False,True,True,False,False,False,True,False,True,False,False,True
41,776.7482,64,100,5,10,False,True,False,False,True,False,False,True,False,False,True,True,False,True,False,False
41,1392.303,80,100,7,7,True,False,True,False,False,False,True,False,False,False,True,True,False,False,True,False
41,281.9155,75,100,7,4,False,True,False,False,True,False,False,True,False,False,True,False,True,True,False,False
41,633.9544,80,100,1,8,False,True,False,True,False,False,True,False,False,False,True,True,False,False,False,True
41,192.33,60,100,4,9,False,True,False,False,False,True,False,True,False,False,True,False,True,False,False,True
41,137.3297,100,100,,12,True,False,True,False,False,False,False,False,True,False,False,False,False,False,False,False
41,765.113,40,41,6,7,False,True,False,True,False,False,True,False,False,False,True,True,False,True,False,False
41,543.535,100,100,3,6,False,True,False,False,False,True,False,True,False,False,True,True,False,False,False,True
41,1352.969,100,100,,12,True,False,True,False,False,False,False,False,True,False,False,False,False,False,False,False
41,243.6711,70,71,,12,False,True,False,False,True,False,False,False,True,False,False,False,False,False,False,False
41,1061.112,80,80,,13,True,False,True,False,False,False,False,False,True,False,False,False,False,False,False,False
41,154.2207,75,70,5,5,False,True,False,True,False,False,True,False,False,False,True,True,False,True,False,False
41,384.1182,70,90,6,6,False,True,False,True,False,False,False,True,False,False,True,True,False,False,True,False
41,1200.51,70,74,2,13,True,False,True,False,False,False,False,True,False,False,True,False,True,False,False,True
41,1059.157,100,100,,12,True,False,True,False,False,False,False,False,True,False,False,False,False,False,False,False
41,322.5573,64,75,4,8,False,True,False,True,False,False,True,False,False,False,True,False,True,False,True,False
41,519.8241,80,100,1,14,False,True,False,False,False,True,False,True,False,False,True,True,False,False,False,True
41,412.2559,100,100,5,8,False,True,False,False,False,True,True,False,False,False,True,False,True,True,False,False
41,992.0664,85,100,1,15,False,True,False,False,False,True,False,True,False,False,True,False,True,False,False,True
41,1268.794,100,100,,14,True,False,True,False,False,False,False,False,True,False,False,False,False,False,False,False
41,523.619,65,100,3,13,False,True,False,False,True,False,False,True,False,False,True,True,False,True,False,False
41,530.8843,61,62,3,16,False,True,False,True,False,False,True,False,False,False,True,True,False,False,False,True
41,314.802,100,100,4,2,False,True,False,False,True,False,True,False,False,False,True,True,False,False,True,False
41,1231.943,70,69,,13,True,False,True,False,False,False,False,False,True,False,False,False,False,False,False,False
41,788.1866,80,100,2,10,False,True,False,False,False,True,False,True,False,False,True,True,False,False,False,True
41,119.9308,45,50,4,7,False,True,False,True,False,False,True,False,False,False,True,False,True,False,False,True
41,456.8943,65,70,8,4,False,True,False,True,False,False,False,True,False,False,True,True,False,False,True,False
41,459.2128,70,100,7,3,False,True,False,False,False,True,False,True,False,False,True,False,True,False,False,True
41,675.1762,70,100,3,11,False,True,False,False,False,True,True,False,False,False,True,False,True,True,False,False
41,1212.437,90,94,,13,True,False,True,False,False,False,False,False,True,False,False,False,False,False,False,False
41,471.9867,76,100,8,1,False,True,False,False,False,True,True,False,False,False,True,False,True,False,True,False
41,1345.625,85,90,,13,True,False,True,False,False,False,False,False,True,False,False,False,False,False,False,False
41,615.9552,85,100,6,3,False,True,False,True,False,False,False,True,False,False,True,False,True,False,True,False
41,1061.5,100,100,,11,True,False,True,False,False,False,False,False,True,False,False,False,False,False,False,False
41,1225.208,80,65,1,15,False,True,False,True,False,False,False,True,False,False,True,False,True,False,True,False
41,757.4514,85,100,3,9,False,True,False,False,True,False,False,True,False,False,True,False,True,True,False,False
41,1027.033,85,100,4,11,False,True,False,False,False,True,True,False,False,False,True,True,False,False,True,False
41,682.7794,90,100,6,12,False,True,False,False,False,True,True,False,False,False,True,False,True,False,True,False
41,509.554,70,100,1,5,False,True,False,False,True,False,True,False,False,False,True,False,True,False,True,False
41,393.4819,65,100,2,13,False,True,False,True,False,False,False,True,False,False,True,True,False,False,True,False
41,917.399,70,100,8,11,False,True,False,False,True,False,True,False,False,False,True,True,False,False,False,True
41,1188.705,100,100,,12,True,False,True,False,False,False,False,False,True,False,False,False,False,False,False,False
41,430.6044,70,100,5,6,False,True,False,False,True,False,False,True,False,False,True,False,True,True,False,False
41,953.9844,40,40,6,2,True,False,True,False,False,False,True,False,False,False,True,True,False,False,False,True
41,292.3955,60,95,3,12,False,True,False,True,False,False,True,False,False,False,True,False,True,False,False,True
41,1125.786,97,97,,13,True,False,True,False,False,False,False,False,True,False,False,False,False,False,False,False
41,940.1293,85,100,7,12,False,True,False,True,False,False,True,False,False,False,True,False,True,True,False,False
41,210.3401,100,100,2,14,False,True,False,False,True,False,False,True,False,False,True,False,True,True,False,False
41,475.9497,61,65,5,16,False,True,False,False,False,True,True,False,False,False,True,True,False,True,False,False
41,1265.448,70,100,1,16,False,True,False,False,True,False,True,False,False,False,True,True,False,False,True,False
41,1120.232,81,81,,14,True,False,True,False,False,False,False,False,True,False,False,False,False,False,False,False
41,305.2375,71,71,7,2,False,True,False,True,False,False,True,False,False,False,True,True,False,True,False,False
41,817.0197,80,80,5,10,False,True,False,False,True,False,False,True,False,False,True,False,True,False,True,False
41,257.2765,79,79,4,9,False,True,False,True,False,False,False,True,False,False,True,True,False,False,True,False
41,510.2407,50,50,8,1,False,True,False,False,True,False,True,False,False,False,True,False,True,True,False,False
41,1186.698,100,100,,13,True,False,True,False,False,False,False,False,True,False,False,False,False,False,False,False
42,1427.028,100,100,4,6,True,False,True,False,False,False,True,False,False,False,True,False,True,False,False,True
42,1144.229,100,100,,2,True,False,True,False,False,False,False,False,True,False,False,False,False,False,False,False
42,383.8455,0,100,1,11,False,True,True,False,False,False,False,True,False,False,True,False,True,False,False,True
42,1086.98,100,100,4,10,True,False,True,False,False,False,True,False,False,False,True,True,False,False,True,False
42,1310.925,100,100,6,9,True,False,True,False,False,False,True,False,False,False,True,True,False,False,False,True
42,1402.882,100,100,,2,True,False,True,False,False,False,False,False,True,False,False,False,False,False,False,False
42,642.3204,100,100,1,9,False,True,True,False,False,False,True,False,False,False,True,True,False,True,False,False
42,130.8848,100,100,5,8,False,True,True,False,False,False,False,True,False,False,True,False,True,False,False,True
42,1124.969,50,50,5,15,False,True,False,True,False,False,True,False,False,False,True,True,False,False,True,False
42,1138.421,50,50,7,8,True,False,True,False,False,False,False,True,False,False,True,True,False,False,True,False
42,309.4031,45,50,3,13,False,True,False,False,False,True,True,False,False,False,True,False,True,True,False,False
42,926.9274,50,50,6,11,False,True,False,False,True,False,False,True,False,False,True,True,False,True,False,False
42,537.9661,50,50,3,15,True,False,False,False,False,True,True,False,False,False,True,False,True,True,False,False
42,1216.267,50,50,,1,True,False,True,False,False,False,False,False,True,False,False,False,False,False,False,False
42,565.201,50,50,4,2,False,True,False,True,False,False,False,True,False,False,True,True,False,False,True,False
42,1202.928,50,50,5,4,True,False,False,False,False,True,True,False,False,False,True,True,False,True,False,False
42,410.6582,50,50,,2,False,True,False,False,False,True,False,False,True,False,False,False,False,False,False,False
42,845.8875,50,50,,6,True,False,True,False,False,False,False,False,True,False,False,False,False,False,False,False
42,1314.371,50,50,,3,True,False,True,False,False,False,False,False,True,False,False,False,False,False,False,False
42,1689.577,50,50,1,2,False,True,False,False,False,True,False,True,False,False,True,True,False,True,False,False
42,815.7563,50,50,13,3,False,True,False,True,False,False,True,False,False,False,True,True,False,False,True,False
42,289.0374,50,50,1,3,False,True,False,False,True,False,True,False,False,False,True,False,True,True,False,False
42,230.7875,50,50,,1,True,False,True,False,False,False,False,False,True,False,False,False,False,False,False,False
42,35.86226,100,100,6,16,False,True,False,False,False,True,False,True,False,False,True,False,True,False,False,True
42,386.323,50,50,12,15,False,True,False,False,False,True,True,False,False,False,True,True,False,False,False,True
42,728.0532,50,50,2,11,False,True,False,False,True,False,False,True,False,False,True,False,True,False,True,False
42,457.202,50,50,5,4,False,True,False,True,False,False,True,False,False,False,True,False,True,False,False,True
42,495.1088,50,50,,5,True,False,False,False,False,True,False,False,True,False,False,False,False,False,False,False
42,568.021,50,50,11,14,False,True,False,True,False,False,True,False,False,False,True,True,False,True,False,False
42,645.4026,50,50,12,8,False,True,False,False,True,False,False,True,False,False,True,True,False,True,False,False
42,202.3118,50,50,3,2,False,True,False,False,True,False,False,True,False,False,True,True,False,False,False,True
42,354.8504,50,50,,8,False,True,False,False,False,True,False,False,True,False,False,False,False,False,False,False
42,1661.9,50,50,13,6,True,False,True,False,False,False,True,False,False,False,True,True,False,True,False,False
42,1569.427,50,50,8,7,True,False,True,False,False,False,False,True,False,False,True,False,True,True,False,False
42,431.1319,50,50,14,3,False,True,False,False,True,False,True,False,False,False,True,True,False,False,False,True
42,478.7486,50,50,4,14,False,True,False,False,False,True,True,False,False,False,True,False,True,False,False,True
42,486.2578,50,50,12,7,False,True,False,False,True,False,False,True,False,False,True,False,True,False,True,False
42,409.5287,50,50,,7,False,True,False,True,False,False,False,False,True,False,False,False,False,False,False,False
42,308.0233,50,50,11,1,False,True,False,False,True,False,False,True,False,False,True,False,True,False,True,False
42,1270.415,50,50,,7,True,False,True,False,False,False,False,False,True,False,False,False,False,False,False,False
42,1147.191,50,50,14,10,False,True,True,False,False,False,True,False,False,False,True,False,True,False,False,True
42,1288.995,50,50,,6,True,False,True,False,False,False,False,False,True,False,False,False,False,False,False,False
42,1723.063,50,50,6,6,True,False,True,False,False,False,True,False,False,False,True,False,True,False,True,False
42,508.0249,50,50,4,13,False,True,False,False,False,True,True,False,False,False,True,False,True,False,True,False
42,244.4146,50,50,2,5,False,True,False,True,False,False,False,True,False,False,True,True,False,False,True,False
42,414.829,50,50,13,16,True,False,True,False,False,False,False,True,False,False,True,False,True,False,True,False
42,43.04448,50,50,13,1,False,True,False,False,False,True,False,True,False,False,True,False,True,False,False,True
42,620.3746,50,50,4,13,False,True,False,True,False,False,True,False,False,False,True,True,False,False,False,True
42,284.9786,50,50,12,5,False,True,False,False,False,True,False,True,False,False,True,True,False,False,False,True
42,137.3297,50,50,,7,True,False,False,False,False,True,False,False,True,False,False,False,False,False,False,False
42,965.7798,50,50,7,10,True,False,True,False,False,False,True,False,False,False,True,False,True,True,False,False
42,853.4434,50,50,8,7,False,True,True,False,False,False,False,True,False,False,True,True,False,False,False,True
42,1331.932,50,50,2,5,True,False,True,False,False,False,False,True,False,False,True,False,True,True,False,False
42,1157.197,50,50,,7,True,False,True,False,False,False,False,False,True,False,False,False,False,False,False,False
42,740.4825,50,50,13,16,True,False,True,False,False,False,False,True,False,False,True,False,True,True,False,False
42,357.3893,50,50,12,4,False,True,False,True,False,False,True,False,False,False,True,False,True,False,True,False
42,567.7026,50,50,8,12,True,False,True,False,False,False,False,True,False,False,True,True,False,False,True,False
42,998.2427,50,50,13,12,True,False,True,False,False,False,False,True,False,False,True,True,False,False,False,True
42,1161.566,50,50,,8,True,False,True,False,False,False,False,False,True,False,False,False,False,False,False,False
42,513.1183,100,100,5,12,False,True,False,True,False,False,False,True,False,False,True,True,False,True,False,False
42,663.9136,50,50,3,9,False,True,False,True,False,False,True,False,False,False,True,False,True,False,True,False
42,1325.332,50,50,3,14,True,False,True,False,False,False,True,False,False,False,True,True,False,False,True,False
42,247.2939,50,50,12,1,True,False,True,False,False,False,False,True,False,False,True,False,True,True,False,False
42,230.7875,50,50,,8,True,False,True,False,False,False,False,False,True,False,False,False,False,False,False,False
43,20.59017,77,60,4,6,False,True,False,False,True,False,True,False,False,False,True,False,True,False,False,True
43,1346.5,100,100,,2,True,False,True,False,False,False,False,False,True,False,False,False,False,False,False,False
43,410.9469,74,93,1,11,False,True,False,False,False,True,False,True,False,False,True,False,True,False,False,True
43,8.049921,39,31,4,10,False,True,False,True,False,False,True,False,False,False,True,True,False,False,True,False
43,1444.166,84,84,6,9,False,True,False,False,False,True,True,False,False,False,True,True,False,False,False,True
43,1064.027,100,100,,2,True,False,True,False,False,False,False,False,True,False,False,False,False,False,False,False
43,538.1279,23,72,1,9,False,True,False,False,True,False,True,False,False,False,True,True,False,True,False,False
43,393.1686,44,74,5,8,False,True,False,True,False,False,False,True,False,False,True,False,True,False,False,True
43,529.4897,50,89,5,15,False,True,False,False,True,False,True,False,False,False,True,True,False,False,True,False
43,445.144,15,21,7,8,False,True,False,True,False,False,False,True,False,False,True,True,False,False,True,False
43,8.792141,16,69,3,13,False,True,False,False,False,True,True,False,False,False,True,False,True,True,False,False
43,444.721,47,77,6,11,False,True,False,False,True,False,False,True,False,False,True,True,False,True,False,False
43,1081.052,7,12,3,15,False,True,False,True,False,False,True,False,False,False,True,False,True,True,False,False
43,137.3297,100,100,,1,True,False,True,False,False,False,False,False,True,False,False,False,False,False,False,False
43,190.0478,63,66,4,2,False,True,False,True,False,False,False,True,False,False,True,True,False,False,True,False
43,492.8006,35,62,5,4,False,True,False,False,True,False,True,False,False,False,True,True,False,True,False,False
43,1222.755,100,100,,2,True,False,True,False,False,False,False,False,True,False,False,False,False,False,False,False
43,1304.04,100,100,,6,True,False,True,False,False,False,False,False,True,False,False,False,False,False,False,False
43,1207.228,100,100,,3,True,False,True,False,False,False,False,False,True,False,False,False,False,False,False,False
43,156.3439,100,100,1,2,False,True,False,False,True,False,False,True,False,False,True,True,False,True,False,False
43,347.7286,0,100,13,3,False,True,False,False,True,False,True,False,False,False,True,True,False,False,True,False
43,447.8462,100,91,1,3,False,True,False,True,False,False,True,False,False,False,True,False,True,True,False,False
43,1155.311,100,100,,1,True,False,True,False,False,False,False,False,True,False,False,False,False,False,False,False
43,14.59278,100,100,6,16,False,True,False,False,True,False,False,True,False,False,True,False,True,False,False,True
43,409.2334,67,73,12,15,False,True,False,True,False,False,True,False,False,False,True,True,False,False,False,True
43,237.598,23,78,2,11,False,True,False,True,False,False,False,True,False,False,True,False,True,False,True,False
43,412.3919,23,74,5,4,False,True,False,True,False,False,True,False,False,False,True,False,True,False,False,True
43,1082.322,100,100,,5,True,False,True,False,False,False,False,False,True,False,False,False,False,False,False,False
43,426.0372,59,42,11,14,False,True,False,False,True,False,True,False,False,False,True,True,False,True,False,False
43,1.783108,68,95,12,8,False,True,False,False,True,False,False,True,False,False,True,True,False,True,False,False
43,496.5531,88,95,3,2,False,True,False,False,False,True,False,True,False,False,True,True,False,False,False,True
43,1328.893,100,100,,8,True,False,True,False,False,False,False,False,True,False,False,False,False,False,False,False
43,331.516,16,20,13,6,False,True,False,True,False,False,True,False,False,False,True,True,False,True,False,False
43,863.1653,74,81,8,7,False,True,False,False,True,False,False,True,False,False,True,False,True,True,False,False
43,127.5048,91,100,14,3,False,True,False,False,False,True,True,False,False,False,True,True,False,False,False,True
43,42.68827,77,82,4,14,False,True,False,True,False,False,True,False,False,False,True,False,True,False,False,True
43,481.7043,67,73,12,7,False,True,False,True,False,False,False,True,False,False,True,False,True,False,True,False
43,1340.119,100,100,,7,True,False,True,False,False,False,False,False,True,False,False,False,False,False,False,False
43,131.7021,50,58,11,1,False,True,False,False,True,False,False,True,False,False,True,False,True,False,True,False
43,1517.545,100,100,,7,True,False,True,False,False,False,False,False,True,False,False,False,False,False,False,False
43,593.9693,50,78,14,10,False,True,False,False,False,True,True,False,False,False,True,False,True,False,False,True
43,1576.474,100,100,,6,True,False,True,False,False,False,False,False,True,False,False,False,False,False,False,False
43,389.2242,50,69,6,6,False,True,False,False,True,False,True,False,False,False,True,False,True,False,True,False
43,413.3065,69,38,4,13,False,True,False,True,False,False,True,False,False,False,True,False,True,False,True,False
43,613.4335,11,5,2,5,False,True,False,False,True,False,False,True,False,False,True,True,False,False,True,False
43,977.9083,33,55,13,16,False,True,False,False,True,False,False,True,False,False,True,False,True,False,True,False
43,246.1508,85,69,13,1,False,True,False,True,False,False,False,True,False,False,True,False,True,False,False,True
43,340.4702,57,65,4,13,False,True,False,False,True,False,True,False,False,False,True,True,False,False,False,True
43,636.5262,83,92,12,5,False,True,False,False,False,True,False,True,False,False,True,True,False,False,False,True
43,1505.178,100,100,,7,True,False,True,False,False,False,False,False,True,False,False,False,False,False,False,False
43,612.7959,69,27,7,10,False,True,False,True,False,False,True,False,False,False,True,False,True,True,False,False
43,14.38433,50,72,8,7,False,True,False,False,False,True,False,True,False,False,True,True,False,False,False,True
43,741.2408,62,83,2,5,False,True,False,False,True,False,False,True,False,False,True,False,True,True,False,False
43,1206.843,100,100,,7,True,False,True,False,False,False,False,False,True,False,False,False,False,False,False,False
43,933.8413,60,80,13,16,False,True,False,False,True,False,False,True,False,False,True,False,True,True,False,False
43,268.6592,72,71,12,4,False,True,False,True,False,False,True,False,False,False,True,False,True,False,True,False
43,140.4697,50,39,8,12,False,True,False,True,False,False,False,True,False,False,True,True,False,False,True,False
43,105.8495,78,81,13,12,False,True,False,False,False,True,False,True,False,False,True,True,False,False,False,True
43,1478.494,100,100,,8,True,False,True,False,False,False,False,False,True,False,False,False,False,False,False,False
43,317.5536,26,22,5,12,False,True,False,False,True,False,False,True,False,False,True,True,False,True,False,False
43,231.3073,64,50,3,9,False,True,False,True,False,False,True,False,False,False,True,False,True,False,True,False
43,416.8237,25,40,3,14,False,True,False,False,True,False,True,False,False,False,True,True,False,False,True,False
43,632.579,60,35,12,1,False,True,False,False,True,False,False,True,False,False,True,False,True,True,False,False
43,137.3297,100,100,,8,True,False,True,False,False,False,False,False,True,False,False,False,False,False,False,False
44,1182.984,0,100,12,1,False,True,True,False,False,False,False,True,False,False,True,True,False,False,False,True
44,1219.626,100,100,,2,True,False,True,False,False,False,False,False,True,False,False,False,False,False,False,False
44,975.7786,1,5,6,14,False,True,False,False,True,False,True,False,False,False,True,True,False,False,False,True
44,387.9683,0,4,12,1,False,True,False,True,False,False,False,True,False,False,True,True,False,True,False,False
44,320.1307,2,1,3,2,False,True,False,True,False,False,False,True,False,False,True,False,True,True,False,False
44,1300.54,100,100,,2,True,False,True,False,False,False,False,False,True,False,False,False,False,False,False,False
44,40.24883,76,88,12,1,False,True,False,True,False,False,False,True,False,False,True,True,False,False,True,False
44,622.6575,0,3,7,2,False,True,False,False,True,False,False,True,False,False,True,False,True,False,False,True
44,435.8632,0,96,3,2,False,True,False,True,False,False,False,True,False,False,True,False,True,False,True,False
44,655.9752,7,100,13,3,False,True,False,False,False,True,True,False,False,False,True,False,True,False,True,False
44,503.4788,1,50,3,4,False,True,False,False,False,True,True,False,False,False,True,True,False,False,True,False
44,999.1021,25,13,2,3,True,False,True,False,False,False,True,False,False,False,True,True,False,True,False,False
44,487.7019,0,85,13,3,False,True,False,False,True,False,True,False,False,False,True,False,True,False,False,True
44,889.0712,100,100,,1,True,False,True,False,False,False,False,False,True,False,False,False,False,False,False,False
44,588.7781,3,50,5,12,False,True,False,True,False,False,False,True,False,False,True,False,True,False,True,False
44,685.7469,3,6,7,4,False,True,False,False,False,True,True,False,False,False,True,True,False,False,False,True
44,1216.366,100,100,,2,True,False,True,False,False,False,False,False,True,False,False,False,False,False,False,False
44,1207.079,100,100,,6,True,False,True,False,False,False,False,False,True,False,False,False,False,False,False,False
44,1159.38,95,100,,3,True,False,True,False,False,False,False,False,True,False,False,False,False,False,False,False
44,17.53184,15,50,4,4,False,True,False,False,False,True,True,False,False,False,True,False,True,True,False,False
44,827.4399,13,4,3,5,False,True,False,False,False,True,False,True,False,False,True,False,True,False,False,True
44,228.2243,7,100,4,5,False,True,False,False,True,False,False,True,False,False,True,True,False,True,False,False
44,1073.208,100,100,,1,True,False,True,False,False,False,False,False,True,False,False,False,False,False,False,False
44,324.6098,2,94,13,6,False,True,False,False,True,False,True,False,False,False,True,True,False,False,False,True
44,342.5217,7,50,1,7,False,True,False,False,False,True,False,True,False,False,True,False,True,False,False,True
44,438.7348,5,75,5,13,False,True,False,False,True,False,True,False,False,False,True,True,False,False,True,False
44,246.2368,2,21,4,8,False,True,False,False,False,True,False,True,False,False,True,True,False,False,False,True
44,1266.469,100,100,,5,True,False,True,False,False,False,False,False,True,False,False,False,False,False,False,False
44,413.3501,5,100,12,6,False,True,False,True,False,False,True,False,False,False,True,False,True,True,False,False
44,283.6691,1,25,3,7,False,True,False,False,True,False,False,True,False,False,True,True,False,True,False,False
44,519.5859,0,3,13,9,False,True,False,True,False,False,True,False,False,False,True,False,True,False,False,True
44,1273.137,100,100,,8,False,True,True,False,False,False,False,False,True,False,False,False,False,False,False,False
44,282.356,2,75,12,8,False,True,False,False,True,False,False,True,False,False,True,False,True,True,False,False
44,564.6656,0,50,6,9,False,True,False,False,False,True,True,False,False,False,True,False,True,True,False,False
44,120.8699,8,91,4,5,False,True,False,True,False,False,False,True,False,False,True,False,True,False,True,False
44,282.6141,2,3,8,10,False,True,False,False,False,True,True,False,False,False,True,True,False,True,False,False
44,329.4708,17,94,13,6,False,True,False,False,False,True,True,False,False,False,True,True,False,False,True,False
44,1191.045,100,100,,7,True,False,True,False,False,False,False,False,True,False,False,False,False,False,False,False
44,702.9384,0,35,5,7,False,True,False,True,False,False,False,True,False,False,True,True,False,False,True,False
44,230.7875,0,66,,7,True,False,True,False,False,False,False,False,True,False,False,False,False,False,False,False
44,123.9066,3,79,1,8,False,True,False,True,False,False,False,True,False,False,True,False,True,False,True,False
44,1113.522,100,100,,6,True,False,True,False,False,False,False,False,True,False,False,False,False,False,False,False
44,292.505,1,8,4,10,False,True,False,False,False,True,True,False,False,False,True,True,False,False,False,True
44,134.5614,0,16,1,9,False,True,False,False,True,False,True,False,False,False,True,True,False,False,True,False
44,690.075,0,0,5,10,False,True,False,False,False,True,True,False,False,False,True,False,True,False,True,False
44,677.9683,0,4,6,11,False,True,False,False,True,False,False,True,False,False,True,True,False,False,True,False
44,265.0386,0,75,1,11,False,True,False,False,False,True,False,True,False,False,True,True,False,False,False,True
44,583.123,1,88,12,12,False,True,False,False,False,True,False,True,False,False,True,False,True,False,False,True
44,117.7691,0,50,2,13,False,True,False,False,True,False,True,False,False,False,True,False,True,False,False,True
44,1155.963,100,100,,7,True,False,True,False,False,False,False,False,True,False,False,False,False,False,False,False
44,682.0342,0,11,4,11,False,True,False,True,False,False,False,True,False,False,True,False,True,True,False,False
44,538.8037,1,0,11,15,False,True,True,False,False,False,True,False,False,False,True,False,True,False,False,True
44,216.9435,0,84,6,12,False,True,False,False,True,False,False,True,False,False,True,False,True,True,False,False
44,1292.05,100,100,,7,True,False,True,False,False,False,False,False,True,False,False,False,False,False,False,False
44,295.585,1,84,11,13,False,True,False,False,False,True,True,False,False,False,True,True,False,True,False,False
44,118.4749,1,50,2,14,False,True,False,True,False,False,True,False,False,False,True,False,True,True,False,False
44,412.6942,0,2,14,14,False,True,False,False,True,False,True,False,False,False,True,False,True,False,True,False
44,664.6953,0,7,5,16,False,True,False,False,True,False,False,True,False,False,True,True,False,False,False,True
44,1103.647,100,100,,8,True,False,True,False,False,False,False,False,True,False,False,False,False,False,False,False
44,829.8094,0,0,8,15,False,True,False,True,False,False,True,False,False,False,True,True,False,True,False,False
44,1079.383,1,3,8,15,False,True,False,True,False,False,True,False,False,False,True,False,True,False,True,False
44,984.7088,0,2,13,16,False,True,False,False,True,False,False,True,False,False,True,True,False,False,True,False
44,134.5637,0,50,14,16,False,True,False,False,True,False,False,True,False,False,True,True,False,True,False,False
44,1170.846,99,100,,8,True,False,True,False,False,False,False,False,True,False,False,False,False,False,False,False
45,156.2639,7,24,12,1,False,True,False,False,False,True,False,True,False,False,True,True,False,False,False,True
45,1121.676,100,100,,2,True,False,True,False,False,False,False,False,True,False,False,False,False,False,False,False
45,586.4403,12,42,6,14,False,True,False,False,False,True,True,False,False,False,True,True,False,False,False,True
45,101.4608,16,57,12,1,False,True,False,False,False,True,False,True,False,False,True,True,False,True,False,False
45,134.3675,13,69,3,2,False,True,False,False,False,True,False,True,False,False,True,False,True,True,False,False
45,1394.534,100,100,,2,True,False,True,False,False,False,False,False,True,False,False,False,False,False,False,False
45,1307.178,71,69,12,1,True,False,True,False,False,False,False,True,False,False,True,True,False,False,True,False
45,576.5262,14,71,7,2,False,True,False,False,False,True,False,True,False,False,True,False,True,False,False,True
45,778.3611,16,32,3,2,False,True,False,False,False,True,False,True,False,False,True,False,True,False,True,False
45,183.6815,13,100,13,3,False,True,False,False,False,True,True,False,False,False,True,False,True,False,True,False
45,279.9258,58,61,3,4,False,True,False,False,False,True,True,False,False,False,True,True,False,False,True,False
45,681.0895,15,54,2,3,False,True,False,True,False,False,True,False,False,False,True,True,False,True,False,False
45,211.0946,14,57,13,3,False,True,False,False,False,True,True,False,False,False,True,False,True,False,False,True
45,1143.329,100,100,,1,True,False,True,False,False,False,False,False,True,False,False,False,False,False,False,False
45,414.9716,13,64,5,12,False,True,False,False,False,True,False,True,False,False,True,False,True,False,True,False
45,495.0601,11,25,7,4,False,True,False,True,False,False,True,False,False,False,True,True,False,False,False,True
45,1150.183,100,100,,2,True,False,True,False,False,False,False,False,True,False,False,False,False,False,False,False
45,1105.833,100,100,,6,True,False,True,False,False,False,False,False,True,False,False,False,False,False,False,False
45,1068.001,100,100,,3,True,False,True,False,False,False,False,False,True,False,False,False,False,False,False,False
45,390.8061,11,100,4,4,False,True,False,False,False,True,True,False,False,False,True,False,True,True,False,False
45,377.4681,11,100,3,5,False,True,False,False,False,True,False,True,False,False,True,False,True,False,False,True
45,1375.35,62,68,4,5,True,False,True,False,False,False,False,True,False,False,True,True,False,True,False,False
45,1075.648,100,100,,1,True,False,True,False,False,False,False,False,True,False,False,False,False,False,False,False
45,561.9139,11,32,13,6,False,True,False,False,True,False,True,False,False,False,True,True,False,False,False,True
45,895.403,14,32,1,7,False,True,False,False,True,False,False,True,False,False,True,False,True,False,False,True
45,1263.042,100,88,5,13,True,False,True,False,False,False,True,False,False,False,True,True,False,False,True,False
45,437.2788,8,45,4,8,False,True,False,True,False,False,False,True,False,False,True,True,False,False,False,True
45,1153.252,100,100,,5,True,False,True,False,False,False,False,False,True,False,False,False,False,False,False,False
45,560.6005,11,83,12,6,False,True,False,False,True,False,True,False,False,False,True,False,True,True,False,False
45,714.8116,13,15,3,7,False,True,False,False,True,False,False,True,False,False,True,True,False,True,False,False
45,345.7674,12,27,13,9,False,True,False,True,False,False,True,False,False,False,True,False,True,False,False,True
45,1086.871,100,100,,8,True,False,True,False,False,False,False,False,True,False,False,False,False,False,False,False
45,592.4732,11,84,12,8,False,True,False,False,True,False,False,True,False,False,True,False,True,True,False,False
45,715.8365,11,27,6,9,False,True,False,True,False,False,True,False,False,False,True,False,True,True,False,False
45,486.6721,8,60,4,5,False,True,False,True,False,False,False,True,False,False,True,False,True,False,True,False
45,572.3074,11,38,8,10,False,True,False,False,False,True,True,False,False,False,True,True,False,True,False,False
45,121.3984,14,24,13,6,False,True,False,False,False,True,True,False,False,False,True,True,False,False,True,False
45,1110.297,7,100,,7,True,False,True,False,False,False,False,False,True,False,False,False,False,False,False,False
45,302.6819,10,39,5,7,False,True,False,False,False,True,False,True,False,False,True,True,False,False,True,False
45,1244.661,100,100,,7,True,False,True,False,False,False,False,False,True,False,False,False,False,False,False,False
45,146.4158,8,56,1,8,False,True,False,True,False,False,False,True,False,False,True,False,True,False,True,False
45,1350.97,100,100,,6,True,False,True,False,False,False,False,False,True,False,False,False,False,False,False,False
45,466.9924,9,58,4,10,False,True,False,True,False,False,True,False,False,False,True,True,False,False,False,True
45,449.0384,8,68,1,9,False,True,False,False,True,False,True,False,False,False,True,True,False,False,True,False
45,687.6755,12,65,5,10,False,True,False,False,False,True,True,False,False,False,True,False,True,False,True,False
45,755.2319,10,31,6,11,False,True,False,True,False,False,False,True,False,False,True,True,False,False,True,False
45,70.09781,9,35,1,11,False,True,False,False,False,True,False,True,False,False,True,True,False,False,False,True
45,446.5565,7,64,12,12,False,True,False,False,False,True,False,True,False,False,True,False,True,False,False,True
45,530.1775,9,59,2,13,False,True,False,False,True,False,True,False,False,False,True,False,True,False,False,True
45,1112.147,100,100,,7,True,False,True,False,False,False,False,False,True,False,False,False,False,False,False,False
45,761.7164,11,63,4,11,False,True,False,False,True,False,False,True,False,False,True,False,True,True,False,False
45,494.6592,12,44,11,15,False,True,False,False,False,True,True,False,False,False,True,False,True,False,False,True
45,752.8116,7,22,6,12,False,True,False,False,True,False,False,True,False,False,True,False,True,True,False,False
45,1266.039,100,100,,7,True,False,True,False,False,False,False,False,True,False,False,False,False,False,False,False
45,132.4539,10,17,11,13,False,True,False,True,False,False,True,False,False,False,True,True,False,True,False,False
45,323.5317,10,64,2,14,False,True,False,True,False,False,True,False,False,False,True,False,True,True,False,False
45,186.6204,11,68,14,14,False,True,False,False,False,True,True,False,False,False,True,False,True,False,True,False
45,1131.776,11,38,5,16,False,True,False,False,False,True,False,True,False,False,True,True,False,False,False,True
45,1280.592,100,100,,8,True,False,True,False,False,False,False,False,True,False,False,False,False,False,False,False
45,734.0702,7,22,8,15,False,True,False,True,False,False,True,False,False,False,True,True,False,True,False,False
45,543.2171,12,33,8,15,False,True,False,False,False,True,True,False,False,False,True,False,True,False,True,False
45,561.2461,54,54,13,16,True,False,True,False,False,False,False,True,False,False,True,True,False,False,True,False
45,1164.621,11,63,14,16,False,True,False,False,True,False,False,True,False,False,True,True,False,True,False,False
45,1140.995,100,100,,8,True,False,True,False,False,False,False,False,True,False,False,False,False,False,False,False
47,696.0972,15,25,2,11,False,True,False,True,False,False,True,False,False,False,True,False,True,True,False,False
47,1330.822,100,100,,11,True,False,True,False,False,False,False,False,True,False,False,False,False,False,False,False
47,1076.291,15,15,6,15,False,True,False,False,True,False,False,True,False,False,True,False,True,False,True,False
47,1784.741,22,15,2,11,False,True,False,True,False,False,True,False,False,False,True,True,False,False,False,True
47,1919.112,20,20,8,16,False,True,False,True,False,False,True,False,False,False,True,True,False,False,False,True
47,1326.792,100,100,,12,True,False,True,False,False,False,False,False,True,False,False,False,False,False,False,False
47,420.592,12,20,7,1,False,True,False,True,False,False,True,False,False,False,True,True,False,False,False,True
47,411.4404,8,15,8,14,False,True,False,False,True,False,False,True,False,False,True,False,True,False,True,False
47,1105.303,20,15,5,7,False,True,False,False,True,False,True,False,False,False,True,True,False,True,False,False
47,1346.831,15,20,7,13,False,True,False,True,False,False,False,True,False,False,True,True,False,True,False,False
47,334.3301,8,17,7,12,False,True,False,False,False,True,True,False,False,False,True,False,True,True,False,False
47,1431.054,7,12,1,14,False,True,False,True,False,False,False,True,False,False,True,True,False,False,False,True
47,625.9761,10,11,4,12,False,True,False,True,False,False,True,False,False,False,True,False,True,False,False,True
47,1294.909,100,100,,12,True,False,True,False,False,False,False,False,True,False,False,False,False,False,False,False
47,1736.589,95,95,6,10,True,False,True,False,False,False,False,True,False,False,True,True,False,True,False,False
47,1138.231,90,0,3,1,False,True,True,False,False,False,True,False,False,False,True,True,False,False,True,False
47,1298.237,100,100,,11,True,False,True,False,False,False,False,False,True,False,False,False,False,False,False,False
47,1309.364,100,100,,12,True,False,True,False,False,False,False,False,True,False,False,False,False,False,False,False
47,1315.599,100,100,,12,True,False,True,False,False,False,False,False,True,False,False,False,False,False,False,False
47,387.1891,22,17,5,4,False,True,False,True,False,False,False,True,False,False,True,True,False,False,False,True
47,472.4217,16,20,6,7,False,True,False,False,False,True,True,False,False,False,True,True,False,False,True,False
47,179.8641,24,7,2,8,False,True,False,True,False,False,True,False,False,False,True,False,True,False,True,False
47,1400.786,100,100,,13,True,False,True,False,False,False,False,False,True,False,False,False,False,False,False,False
47,1674.335,11,27,4,10,False,True,False,True,False,False,False,True,False,False,True,False,True,False,True,False
47,1987.496,23,21,1,16,False,True,False,True,False,False,True,False,False,False,True,True,False,False,True,False
47,1524.78,11,25,5,9,False,True,False,False,False,True,False,True,False,False,True,False,True,True,False,False
47,105.5145,10,12,1,5,False,True,False,True,False,False,True,False,False,False,True,False,True,False,False,True
47,1306.092,100,100,,13,True,False,True,False,False,False,False,False,True,False,False,False,False,False,False,False
47,883.8652,8,11,3,16,False,True,False,True,False,False,True,False,False,False,True,True,False,True,False,False
47,1020.78,12,9,3,6,False,True,False,True,False,False,False,True,False,False,True,True,False,False,False,True
47,312.7644,7,5,4,9,False,True,False,True,False,False,False,True,False,False,True,True,False,False,True,False
47,1298.467,100,100,,12,True,False,True,False,False,False,False,False,True,False,False,False,False,False,False,False
47,1308.83,100,15,2,8,False,True,False,False,False,True,True,False,False,False,True,True,False,False,False,True
47,595.7831,18,15,4,3,False,True,False,False,True,False,False,True,False,False,True,False,True,False,False,True
47,1079.116,15,20,8,5,False,True,False,True,False,False,True,False,False,False,True,True,False,True,False,False
47,375.4152,22,20,7,5,False,True,False,True,False,False,True,False,False,False,True,False,True,False,True,False
47,409.5179,14,12,3,6,False,True,False,True,False,False,False,True,False,False,True,False,True,True,False,False
47,1219.221,100,100,,12,True,False,True,False,False,False,False,False,True,False,False,False,False,False,False,False
47,161.5773,20,20,8,14,False,True,False,True,False,False,False,True,False,False,True,False,True,True,False,False
47,1245.901,100,100,,13,True,False,True,False,False,False,False,False,True,False,False,False,False,False,False,False
47,424.7995,13,11,6,2,False,True,False,True,False,False,True,False,False,False,True,False,True,False,True,False
47,1371.344,100,100,,13,True,False,True,False,False,False,False,False,True,False,False,False,False,False,False,False
47,107.0229,10,10,1,12,False,True,False,True,False,False,True,False,False,False,True,False,True,False,True,False
47,1321.197,10,9,3,8,False,True,False,True,False,False,True,False,False,False,True,False,True,True,False,False
47,1381.081,10,15,4,3,False,True,False,True,False,False,False,True,False,False,True,True,False,True,False,False
47,1179.845,14,8,6,4,False,True,False,False,False,True,False,True,False,False,True,False,True,True,False,False
47,599.5083,13,11,1,3,False,True,False,False,True,False,False,True,False,False,True,False,True,False,True,False
47,448.7481,13,10,2,1,False,True,False,False,False,True,True,False,False,False,True,True,False,True,False,False
47,336.545,11,9,8,6,False,True,False,True,False,False,False,True,False,False,True,True,False,False,True,False
47,1273.666,95,95,,14,True,False,True,False,False,False,False,False,True,False,False,False,False,False,False,False
47,330.3579,15,15,5,7,False,True,False,True,False,False,True,False,False,False,True,False,True,False,False,True
47,1324.848,16,9,6,13,False,True,False,True,False,False,False,True,False,False,True,True,False,False,True,False
47,155.8335,12,16,3,9,False,True,False,False,True,False,False,True,False,False,True,False,True,False,False,True
47,1258.035,100,100,,14,True,False,True,False,False,False,False,False,True,False,False,False,False,False,False,False
47,696.4607,17,12,7,15,False,True,False,False,True,False,False,True,False,False,True,False,True,False,False,True
47,268.405,13,17,2,2,False,True,False,True,False,False,True,False,False,False,True,False,True,False,False,True
47,1893.526,80,5,5,15,False,True,False,False,False,True,False,True,False,False,True,True,False,True,False,False
47,389.9256,10,15,1,4,False,True,False,True,False,False,False,True,False,False,True,True,False,False,True,False
47,1257.451,100,100,,13,True,False,True,False,False,False,False,False,True,False,False,False,False,False,False,False
47,1628.734,66,75,7,10,False,True,False,False,False,True,False,True,False,False,True,True,False,False,False,True
47,214.0283,14,16,5,2,False,True,False,True,False,False,True,False,False,False,True,False,True,True,False,False
47,1810.879,85,80,4,11,True,False,True,False,False,False,True,False,False,False,True,True,False,False,True,False
47,313.4464,20,16,8,13,False,True,False,True,False,False,False,True,False,False,True,False,True,False,False,True
47,1314.632,100,100,,13,True,False,True,False,False,False,False,False,True,False,False,False,False,False,False,False
48,1459.545,100,100,4,6,False,True,False,False,True,False,True,False,False,False,True,False,True,False,False,True
48,1171.841,100,100,,2,True,False,True,False,False,False,False,False,True,False,False,False,False,False,False,False
48,799.3191,100,100,1,11,False,True,False,False,True,False,False,True,False,False,True,False,True,False,False,True
48,1802.73,100,100,4,10,False,True,False,False,True,False,True,False,False,False,True,True,False,False,True,False
48,1077.024,100,100,6,9,True,False,True,False,False,False,True,False,False,False,True,True,False,False,False,True
48,1553.858,100,100,,2,True,False,True,False,False,False,False,False,True,False,False,False,False,False,False,False
48,1136.153,100,100,1,9,False,True,False,False,True,False,True,False,False,False,True,True,False,True,False,False
48,1484.072,100,100,5,8,False,True,False,False,True,False,False,True,False,False,True,False,True,False,False,True
48,1938.469,100,100,5,15,False,True,False,False,True,False,True,False,False,False,True,True,False,False,True,False
48,1267.718,100,100,7,8,True,False,True,False,False,False,False,True,False,False,True,True,False,False,True,False
48,382.7558,100,100,3,13,False,True,False,True,False,False,True,False,False,False,True,False,True,True,False,False
48,637.3638,100,85,6,11,False,True,False,True,False,False,False,True,False,False,True,True,False,True,False,False
48,664.4192,94,93,3,15,False,True,False,True,False,False,True,False,False,False,True,False,True,True,False,False
48,1361.426,100,100,,1,True,False,True,False,False,False,False,False,True,False,False,False,False,False,False,False
48,314.802,100,100,4,2,False,True,False,True,False,False,False,True,False,False,True,True,False,False,True,False
48,1173.047,100,100,5,4,True,False,True,False,False,False,True,False,False,False,True,True,False,True,False,False
48,1395.991,100,100,,2,True,False,True,False,False,False,False,False,True,False,False,False,False,False,False,False
48,1203.991,100,89,,6,True,False,True,False,False,False,False,False,True,False,False,False,False,False,False,False
48,1341.203,100,91,,3,True,False,True,False,False,False,False,False,True,False,False,False,False,False,False,False
48,314.802,100,100,1,2,False,True,False,True,False,False,False,True,False,False,True,True,False,True,False,False
48,199.5397,100,80,13,3,False,True,False,False,False,True,True,False,False,False,True,True,False,False,True,False
48,199.5397,100,97,1,3,False,True,False,True,False,False,True,False,False,False,True,False,True,True,False,False
48,1311.341,95,90,,1,True,False,True,False,False,False,False,False,True,False,False,False,False,False,False,False
48,740.4825,100,100,6,16,False,True,False,True,False,False,False,True,False,False,True,False,True,False,False,True
48,664.4192,100,100,12,15,False,True,False,True,False,False,True,False,False,False,True,True,False,False,False,True
48,637.3638,100,100,2,11,False,True,False,True,False,False,False,True,False,False,True,False,True,False,True,False
48,441.3777,100,89,5,4,False,True,False,True,False,False,True,False,False,False,True,False,True,False,False,True
48,1287.077,100,89,,5,True,False,True,False,False,False,False,False,True,False,False,False,False,False,False,False
48,111.3862,100,100,11,14,False,True,False,False,False,True,True,False,False,False,True,True,False,True,False,False
48,427.9676,100,100,12,8,False,True,False,True,False,False,False,True,False,False,True,True,False,True,False,False
48,185.9974,100,100,3,2,False,True,False,True,False,False,False,True,False,False,True,True,False,False,False,True
48,246.415,100,89,,8,False,True,False,True,False,False,False,False,True,False,False,False,False,False,False,False
48,380.1375,84,88,13,6,False,True,False,True,False,False,True,False,False,False,True,True,False,True,False,False
48,367.1037,83,89,8,7,False,True,False,True,False,False,False,True,False,False,True,False,True,True,False,False
48,198.9943,100,90,14,3,False,True,False,False,False,True,True,False,False,False,True,True,False,False,False,True
48,572.4433,100,100,4,14,False,True,False,True,False,False,True,False,False,False,True,False,True,False,False,True
48,427.8042,100,100,12,7,False,True,False,True,False,False,False,True,False,False,True,False,True,False,True,False
48,1139.862,100,92,,7,True,False,True,False,False,False,False,False,True,False,False,False,False,False,False,False
48,309.1654,100,100,11,1,False,True,False,True,False,False,False,True,False,False,True,False,True,False,True,False
48,230.7875,100,89,,7,False,True,False,True,False,False,False,False,True,False,False,False,False,False,False,False
48,997.992,91,83,14,10,False,True,False,False,True,False,True,False,False,False,True,False,True,False,False,True
48,1156.703,100,100,,6,True,False,True,False,False,False,False,False,True,False,False,False,False,False,False,False
48,194.604,100,100,6,6,False,True,False,False,True,False,True,False,False,False,True,False,True,False,True,False
48,186.9726,100,100,4,13,False,True,False,False,False,True,True,False,False,False,True,False,True,False,True,False
48,348.2044,100,100,2,5,False,True,False,True,False,False,False,True,False,False,True,True,False,False,True,False
48,1082.406,85,91,13,16,False,True,False,True,False,False,False,True,False,False,True,False,True,False,True,False
48,1346.501,88,87,13,1,False,True,False,False,True,False,False,True,False,False,True,False,True,False,False,True
48,1208.885,100,100,4,13,True,False,True,False,False,False,True,False,False,False,True,True,False,False,False,True
48,289.9258,100,93,12,5,False,True,False,True,False,False,False,True,False,False,True,True,False,False,False,True
48,1128.902,100,100,,7,True,False,True,False,False,False,False,False,True,False,False,False,False,False,False,False
48,688.0616,27,27,7,10,True,False,True,False,False,False,True,False,False,False,True,False,True,True,False,False
48,1377.015,100,100,8,7,True,False,True,False,False,False,False,True,False,False,True,True,False,False,False,True
48,1266.653,100,100,2,5,False,True,True,False,False,False,False,True,False,False,True,False,True,True,False,False
48,1318.394,100,100,,7,True,False,True,False,False,False,False,False,True,False,False,False,False,False,False,False
48,885.4368,100,100,13,16,False,True,False,False,True,False,False,True,False,False,True,False,True,True,False,False
48,106.6664,100,95,12,4,False,True,False,False,True,False,True,False,False,False,True,False,True,False,True,False
48,1816.597,100,100,8,12,True,False,True,False,False,False,False,True,False,False,True,True,False,False,True,False
48,567.7026,89,88,13,12,False,True,False,True,False,False,False,True,False,False,True,True,False,False,False,True
48,1302.839,100,100,,8,True,False,True,False,False,False,False,False,True,False,False,False,False,False,False,False
48,567.7026,91,89,5,12,False,True,False,True,False,False,False,True,False,False,True,True,False,True,False,False
48,575.5834,92,93,3,9,False,True,False,False,True,False,True,False,False,False,True,False,True,False,True,False
48,1612.924,93,95,3,14,True,False,True,False,False,False,True,False,False,False,True,True,False,False,True,False
48,1184.062,89,91,12,1,False,True,False,True,False,False,False,True,False,False,True,False,True,True,False,False
48,44.16427,93,85,,8,False,True,False,True,False,False,False,False,True,False,False,False,False,False,False,False
49,412.3157,34,30,2,11,False,True,False,True,False,False,True,False,False,False,True,False,True,True,False,False
49,1088.692,77,81,,11,True,False,True,False,False,False,False,False,True,False,False,False,False,False,False,False
49,697.6829,86,71,6,15,False,True,True,False,False,False,False,True,False,False,True,False,True,False,True,False
49,699.1355,81,88,2,11,True,False,True,False,False,False,True,False,False,False,True,True,False,False,False,True
49,543.3623,85,86,8,16,True,False,True,False,False,False,True,False,False,False,True,True,False,False,False,True
49,1244.622,88,79,,12,True,False,True,False,False,False,False,False,True,False,False,False,False,False,False,False
49,551.3618,29,53,7,1,False,True,False,False,True,False,True,False,False,False,True,True,False,False,False,True
49,100.8536,63,61,8,14,False,True,False,False,True,False,False,True,False,False,True,False,True,False,True,False
49,1591.467,60,58,5,7,False,True,False,False,True,False,True,False,False,False,True,True,False,True,False,False
49,1080.201,64,66,7,13,True,False,True,False,False,False,False,True,False,False,True,True,False,True,False,False
49,909.661,87,67,7,12,True,False,True,False,False,False,True,False,False,False,True,False,True,True,False,False
49,307.8754,35,41,1,14,False,True,False,False,False,True,False,True,False,False,True,True,False,False,False,True
49,504.4673,37,57,4,12,False,True,False,False,False,True,True,False,False,False,True,False,True,False,False,True
49,1093.338,75,54,,12,True,False,True,False,False,False,False,False,True,False,False,False,False,False,False,False
49,1073.409,67,76,6,10,True,False,True,False,False,False,False,True,False,False,True,True,False,True,False,False
49,1417.629,66,52,3,1,False,True,False,True,False,False,True,False,False,False,True,True,False,False,True,False
49,1053.024,83,85,,11,True,False,True,False,False,False,False,False,True,False,False,False,False,False,False,False
49,1091.877,97,93,,12,True,False,True,False,False,False,False,False,True,False,False,False,False,False,False,False
49,1176.199,88,93,,12,True,False,True,False,False,False,False,False,True,False,False,False,False,False,False,False
49,381.9665,32,86,5,4,False,True,False,False,False,True,False,True,False,False,True,True,False,False,False,True
49,1362.787,78,85,6,7,True,False,True,False,False,False,True,False,False,False,True,True,False,False,True,False
49,534.3898,27,44,2,8,False,True,False,False,True,False,True,False,False,False,True,False,True,False,True,False
49,1186.796,94,98,,13,True,False,True,False,False,False,False,False,True,False,False,False,False,False,False,False
49,298.7659,28,70,4,10,False,True,False,True,False,False,False,True,False,False,True,False,True,False,True,False
49,1948.659,68,92,1,16,True,False,True,False,False,False,True,False,False,False,True,True,False,False,True,False
49,966.5102,36,71,5,9,False,True,False,False,False,True,False,True,False,False,True,False,True,True,False,False
49,295.0834,33,76,1,5,False,True,False,False,True,False,True,False,False,False,True,False,True,False,False,True
49,1167.706,90,89,,13,True,False,True,False,False,False,False,False,True,False,False,False,False,False,False,False
49,1853.278,87,89,3,16,True,False,True,False,False,False,True,False,False,False,True,True,False,True,False,False
49,772.103,29,84,3,6,False,True,False,False,False,True,False,True,False,False,True,True,False,False,False,True
49,1470.408,19,47,4,9,False,True,False,True,False,False,False,True,False,False,True,True,False,False,True,False
49,1207.454,29,92,,12,True,False,True,False,False,False,False,False,True,False,False,False,False,False,False,False
49,1293.371,27,26,2,8,False,True,False,False,True,False,True,False,False,False,True,True,False,False,False,True
49,175.8026,23,95,4,3,False,True,False,False,False,True,False,True,False,False,True,False,True,False,False,True
49,325.8689,32,76,8,5,False,True,False,False,False,True,True,False,False,False,True,True,False,True,False,False
49,1213.372,32,64,7,5,False,True,False,False,True,False,True,False,False,False,True,False,True,False,True,False
49,331.1347,28,64,3,6,False,True,False,False,False,True,False,True,False,False,True,False,True,True,False,False
49,1498.475,95,90,,12,True,False,True,False,False,False,False,False,True,False,False,False,False,False,False,False
49,1400.93,22,34,8,14,False,True,False,True,False,False,False,True,False,False,True,False,True,True,False,False
49,1065.745,34,50,,13,True,False,True,False,False,False,False,False,True,False,False,False,False,False,False,False
49,1317.9,34,85,6,2,False,True,False,False,False,True,True,False,False,False,True,False,True,False,True,False
49,1230.416,27,89,,13,True,False,True,False,False,False,False,False,True,False,False,False,False,False,False,False
49,672.1943,81,87,1,12,True,False,True,False,False,False,True,False,False,False,True,False,True,False,True,False
49,1565.636,40,55,3,8,False,True,False,False,True,False,True,False,False,False,True,False,True,True,False,False
49,1415.594,39,52,4,3,False,True,False,True,False,False,False,True,False,False,True,True,False,True,False,False
49,1223.263,69,71,6,4,True,False,True,False,False,False,False,True,False,False,True,False,True,True,False,False
49,402.2083,33,64,1,3,False,True,False,False,True,False,False,True,False,False,True,False,True,False,True,False
49,1265.524,81,80,2,1,True,False,True,False,False,False,True,False,False,False,True,True,False,True,False,False
49,611.1725,26,58,8,6,False,True,False,True,False,False,False,True,False,False,True,True,False,False,True,False
49,1308.458,83,97,,14,True,False,True,False,False,False,False,False,True,False,False,False,False,False,False,False
49,1130.825,36,47,5,7,False,True,False,False,True,False,True,False,False,False,True,False,True,False,False,True
49,428.0223,38,66,6,13,False,True,False,False,True,False,False,True,False,False,True,True,False,False,True,False
49,497.0472,52,70,3,9,False,True,False,False,False,True,False,True,False,False,True,False,True,False,False,True
49,1048.694,84,90,,14,True,False,True,False,False,False,False,False,True,False,False,False,False,False,False,False
49,1039.642,32,82,7,15,False,True,False,True,False,False,False,True,False,False,True,False,True,False,False,True
49,151.4043,52,74,2,2,False,True,False,False,False,True,True,False,False,False,True,False,True,False,False,True
49,1941.766,85,93,5,15,True,False,True,False,False,False,False,True,False,False,True,True,False,True,False,False
49,957.8133,28,72,1,4,False,True,False,True,False,False,False,True,False,False,True,True,False,False,True,False
49,1127.023,79,78,,13,True,False,True,False,False,False,False,False,True,False,False,False,False,False,False,False
49,730.1514,33,97,7,10,False,True,False,False,False,True,False,True,False,False,True,True,False,False,False,True
49,1483.47,40,51,5,2,True,False,True,False,False,False,True,False,False,False,True,False,True,True,False,False
49,13.60014,59,71,4,11,False,True,False,False,False,True,True,False,False,False,True,True,False,False,True,False
49,356.3338,32,91,8,13,False,True,False,False,False,True,False,True,False,False,True,False,True,False,False,True
49,1058.234,92,100,,13,True,False,True,False,False,False,False,False,True,False,False,False,False,False,False,False
50,387.1636,42,99,2,14,False,True,False,False,True,False,False,True,False,False,True,False,True,False,True,False
50,545.465,0,100,,12,True,False,True,False,False,False,False,False,True,False,False,False,False,False,False,False
50,28.60752,81,98,6,1,False,True,False,True,False,False,True,False,False,False,True,False,True,False,False,True
50,575.9564,82,98,2,15,False,True,False,True,False,False,False,True,False,False,True,True,False,True,False,False
50,487.0109,66,94,8,4,False,True,False,True,False,False,False,True,False,False,True,True,False,False,False,True
50,230.7875,0,100,,11,True,False,True,False,False,False,False,False,True,False,False,False,False,False,False,False
50,534.1577,93,100,7,3,False,True,False,False,True,False,False,True,False,False,True,True,False,True,False,False
50,396.9432,61,69,8,5,False,True,False,False,False,True,True,False,False,False,True,False,True,False,False,True
50,220.6099,75,82,5,10,False,True,False,True,False,False,False,True,False,False,True,True,False,True,False,False
50,8.718617,57,98,7,7,False,True,False,False,True,False,True,False,False,False,True,True,False,False,True,False
50,287.3949,89,100,7,4,False,True,False,False,True,False,False,True,False,False,True,False,True,True,False,False
50,241.7075,72,100,1,8,False,True,False,False,True,False,True,False,False,False,True,True,False,False,False,True
50,255.5204,53,100,4,9,False,True,False,True,False,False,False,True,False,False,True,False,True,False,False,True
50,318.7202,0,100,,12,True,False,True,False,False,False,False,False,True,False,False,False,False,False,False,False
50,686.3044,75,91,6,7,False,True,False,True,False,False,True,False,False,False,True,True,False,True,False,False
50,326.3054,85,100,3,6,False,True,False,False,True,False,False,True,False,False,True,True,False,False,False,True
50,454.3388,0,100,,12,True,False,True,False,False,False,False,False,True,False,False,False,False,False,False,False
50,343.5673,0,100,,12,True,False,True,False,False,False,False,False,True,False,False,False,False,False,False,False
50,292.5325,0,100,,13,True,False,True,False,False,False,False,False,True,False,False,False,False,False,False,False
50,414.8472,48,100,5,5,False,True,False,False,True,False,True,False,False,False,True,True,False,True,False,False
50,956.5141,100,100,6,6,False,True,False,False,True,False,False,True,False,False,True,True,False,False,True,False
50,224.6974,100,100,2,13,False,True,False,False,True,False,False,True,False,False,True,False,True,False,False,True
50,230.7875,0,100,,12,True,False,True,False,False,False,False,False,True,False,False,False,False,False,False,False
50,861.5032,85,100,4,8,False,True,False,False,True,False,True,False,False,False,True,False,True,False,True,False
50,130.1029,78,100,1,14,False,True,False,False,True,False,False,True,False,False,True,True,False,False,False,True
50,399.0208,81,100,5,8,False,True,False,False,True,False,True,False,False,False,True,False,True,True,False,False
50,934.8587,63,100,1,15,False,True,False,True,False,False,False,True,False,False,True,False,True,False,False,True
50,230.7875,0,100,,14,True,False,True,False,False,False,False,False,True,False,False,False,False,False,False,False
50,881.8464,100,100,3,13,False,True,False,False,True,False,False,True,False,False,True,True,False,True,False,False
50,947.0132,71,100,3,16,False,True,False,False,True,False,True,False,False,False,True,True,False,False,False,True
50,496.5531,55,100,4,2,False,True,False,True,False,False,True,False,False,False,True,True,False,False,True,False
50,230.7875,0,100,,13,True,False,True,False,False,False,False,False,True,False,False,False,False,False,False,False
50,279.2898,57,86,2,10,False,True,False,True,False,False,False,True,False,False,True,True,False,False,False,True
50,5.606932,55,100,4,7,False,True,False,False,True,False,True,False,False,False,True,False,True,False,False,True
50,250.8717,57,100,8,4,False,True,False,False,True,False,False,True,False,False,True,True,False,False,True,False
50,231.1597,76,100,7,3,False,True,False,False,True,False,False,True,False,False,True,False,True,False,False,True
50,678.6041,80,100,3,11,False,True,False,False,True,False,True,False,False,False,True,False,True,True,False,False
50,230.7875,0,100,,13,True,False,True,False,False,False,False,False,True,False,False,False,False,False,False,False
50,229.1753,86,100,8,1,False,True,False,False,True,False,True,False,False,False,True,False,True,False,True,False
50,230.7875,0,100,,13,True,False,True,False,False,False,False,False,True,False,False,False,False,False,False,False
50,413.5166,53,100,6,3,False,True,False,False,True,False,False,True,False,False,True,False,True,False,True,False
50,230.7875,0,100,,11,True,False,True,False,False,False,False,False,True,False,False,False,False,False,False,False
50,915.7227,59,100,1,15,False,True,False,True,False,False,False,True,False,False,True,False,True,False,True,False
50,394.2691,61,100,3,9,False,True,False,True,False,False,False,True,False,False,True,False,True,True,False,False
50,443.4217,64,98,4,11,False,True,False,True,False,False,True,False,False,False,True,True,False,False,True,False
50,569.0753,67,64,6,12,False,True,False,False,True,False,True,False,False,False,True,False,True,False,True,False
50,669.2357,59,100,1,5,False,True,False,False,True,False,True,False,False,False,True,False,True,False,True,False
50,282.7068,92,100,2,13,False,True,False,False,True,False,False,True,False,False,True,True,False,False,True,False
50,568.4733,0,100,8,11,False,True,False,False,False,True,True,False,False,False,True,True,False,False,False,True
50,230.7875,0,100,,12,True,False,True,False,False,False,False,False,True,False,False,False,False,False,False,False
50,271.0982,13,100,5,6,False,True,False,False,False,True,False,True,False,False,True,False,True,True,False,False
50,421.2027,69,79,6,2,False,True,False,False,True,False,True,False,False,False,True,True,False,False,False,True
50,541.4937,60,100,3,12,False,True,False,False,True,False,True,False,False,False,True,False,True,False,False,True
50,230.7875,0,100,,13,True,False,True,False,False,False,False,False,True,False,False,False,False,False,False,False
50,571.1188,56,100,7,12,False,True,False,False,True,False,True,False,False,False,True,False,True,True,False,False
50,309.8382,60,100,2,14,False,True,False,False,True,False,False,True,False,False,True,False,True,True,False,False
50,882.6989,100,100,5,16,False,True,False,False,True,False,True,False,False,False,True,True,False,True,False,False
50,1017.791,83,100,1,16,False,True,False,False,True,False,True,False,False,False,True,True,False,False,True,False
50,230.7875,0,100,,14,True,False,True,False,False,False,False,False,True,False,False,False,False,False,False,False
50,153.3683,64,100,7,2,False,True,False,False,True,False,True,False,False,False,True,True,False,True,False,False
50,274.9882,63,82,5,10,False,True,False,False,True,False,False,True,False,False,True,False,True,False,True,False
50,154.1202,72,100,4,9,False,True,False,False,True,False,False,True,False,False,True,True,False,False,True,False
50,457.1703,91,100,8,1,False,True,False,False,True,False,True,False,False,False,True,False,True,True,False,False
50,230.7875,0,100,,13,True,False,True,False,False,False,False,False,True,False,False,False,False,False,False,False
51,1414.695,100,100,4,6,False,True,False,False,True,False,True,False,False,False,True,False,True,False,False,True
51,1202.046,100,100,,2,True,False,True,False,False,False,False,False,True,False,False,False,False,False,False,False
51,679.7831,60,100,1,11,False,True,False,False,False,True,False,True,False,False,True,False,True,False,False,True
51,592.3656,30,65,4,10,False,True,False,True,False,False,True,False,False,False,True,True,False,False,True,False
51,474.7527,30,70,6,9,False,True,False,False,False,True,True,False,False,False,True,True,False,False,False,True
51,1135.864,100,100,,2,True,False,True,False,False,False,False,False,True,False,False,False,False,False,False,False
51,156.1705,30,80,1,9,False,True,False,False,False,True,True,False,False,False,True,True,False,True,False,False
51,236.5045,40,100,5,8,False,True,False,False,False,True,False,True,False,False,True,False,True,False,False,True
51,1.126694,90,21,5,15,False,True,False,False,True,False,True,False,False,False,True,True,False,False,True,False
51,1273.12,30,20,7,8,False,True,True,False,False,False,False,True,False,False,True,True,False,False,True,False
51,425.1531,60,100,3,13,False,True,False,False,False,True,True,False,False,False,True,False,True,True,False,False
51,571.5732,40,100,6,11,False,True,False,False,True,False,False,True,False,False,True,True,False,True,False,False
51,1079.073,20,100,3,15,False,True,False,True,False,False,True,False,False,False,True,False,True,True,False,False
51,1217.462,50,50,,1,True,False,True,False,False,False,False,False,True,False,False,False,False,False,False,False
51,409.4192,10,100,4,2,False,True,False,True,False,False,False,True,False,False,True,True,False,False,True,False
51,1264.947,80,80,5,4,True,False,True,False,False,False,True,False,False,False,True,True,False,True,False,False
51,1261.099,100,100,,2,True,False,True,False,False,False,False,False,True,False,False,False,False,False,False,False
51,1162.2,100,100,,6,True,False,True,False,False,False,False,False,True,False,False,False,False,False,False,False
51,1300.616,100,100,,3,True,False,True,False,False,False,False,False,True,False,False,False,False,False,False,False
51,424.608,20,100,1,2,False,True,False,False,True,False,False,True,False,False,True,True,False,True,False,False
51,605.5308,10,10,13,3,False,True,False,False,True,False,True,False,False,False,True,True,False,False,True,False
51,412.1148,30,100,1,3,False,True,False,True,False,False,True,False,False,False,True,False,True,True,False,False
51,1194.776,100,100,,1,True,False,True,False,False,False,False,False,True,False,False,False,False,False,False,False
51,793.2484,90,100,6,16,False,True,False,False,False,True,False,True,False,False,True,False,True,False,False,True
51,924.7559,20,50,12,15,False,True,False,True,False,False,True,False,False,False,True,True,False,False,False,True
51,681.6296,20,100,2,11,False,True,False,True,False,False,False,True,False,False,True,False,True,False,True,False
51,1220.657,100,100,5,4,False,True,True,False,False,False,True,False,False,False,True,False,True,False,False,True
51,1124.335,100,100,,5,True,False,True,False,False,False,False,False,True,False,False,False,False,False,False,False
51,1155.551,100,100,11,14,False,True,True,False,False,False,True,False,False,False,True,True,False,True,False,False
51,236.5045,10,100,12,8,False,True,False,False,True,False,False,True,False,False,True,True,False,True,False,False
51,411.9609,0,100,3,2,False,True,False,False,False,True,False,True,False,False,True,True,False,False,False,True
51,1309.079,100,100,,8,True,False,True,False,False,False,False,False,True,False,False,False,False,False,False,False
51,1422.677,100,100,13,6,False,True,True,False,False,False,True,False,False,False,True,True,False,True,False,False
51,312.8986,13,100,8,7,False,True,False,False,True,False,False,True,False,False,True,False,True,True,False,False
51,366.1812,14,50,14,3,False,True,False,False,True,False,True,False,False,False,True,True,False,False,False,True
51,145.504,50,50,4,14,False,True,False,True,False,False,True,False,False,False,True,False,True,False,False,True
51,294.1903,50,50,12,7,False,True,False,True,False,False,False,True,False,False,True,False,True,False,True,False
51,1222.08,100,100,,7,True,False,True,False,False,False,False,False,True,False,False,False,False,False,False,False
51,450.3485,16,100,11,1,False,True,False,True,False,False,False,True,False,False,True,False,True,False,True,False
51,1351.52,100,100,,7,True,False,True,False,False,False,False,False,True,False,False,False,False,False,False,False
51,575.4914,16,100,14,10,False,True,False,True,False,False,True,False,False,False,True,False,True,False,False,True
51,1202.575,100,100,,6,True,False,True,False,False,False,False,False,True,False,False,False,False,False,False,False
51,46.05266,7,82,6,6,False,True,False,True,False,False,True,False,False,False,True,False,True,False,True,False
51,1205.896,50,50,4,13,False,True,True,False,False,False,True,False,False,False,True,False,True,False,True,False
51,381.7682,8,100,2,5,False,True,False,True,False,False,False,True,False,False,True,True,False,False,True,False
51,4.826138,100,100,13,16,False,True,False,True,False,False,False,True,False,False,True,False,True,False,True,False
51,197.2309,50,100,13,1,False,True,False,False,False,True,False,True,False,False,True,False,True,False,False,True
51,312.8479,10,100,4,13,False,True,False,False,True,False,True,False,False,False,True,True,False,False,False,True
51,1310.325,100,100,12,5,False,True,True,False,False,False,False,True,False,False,True,True,False,False,False,True
51,1361.998,100,100,,7,True,False,True,False,False,False,False,False,True,False,False,False,False,False,False,False
51,1025.948,100,100,7,10,False,True,True,False,False,False,True,False,False,False,True,False,True,True,False,False
51,1509.358,100,100,8,7,False,True,True,False,False,False,False,True,False,False,True,True,False,False,False,True
51,38.37851,20,100,2,5,False,True,False,False,True,False,False,True,False,False,True,False,True,True,False,False
51,1357.77,100,50,,7,True,False,True,False,False,False,False,False,True,False,False,False,False,False,False,False
51,932.6235,11,50,13,16,False,True,False,True,False,False,False,True,False,False,True,False,True,True,False,False
51,383.9803,5,11,12,4,False,True,False,True,False,False,True,False,False,False,True,False,True,False,True,False
51,918.5832,50,50,8,12,False,True,True,False,False,False,False,True,False,False,True,True,False,False,True,False
51,187.5973,10,100,13,12,False,True,False,False,False,True,False,True,False,False,True,True,False,False,False,True
51,1131.202,100,100,,8,True,False,True,False,False,False,False,False,True,False,False,False,False,False,False,False
51,129.5064,50,50,5,12,False,True,False,True,False,False,False,True,False,False,True,True,False,True,False,False
51,341.9683,10,50,3,9,False,True,False,False,False,True,True,False,False,False,True,False,True,False,True,False
51,1041.601,50,50,3,14,True,False,True,False,False,False,True,False,False,False,True,True,False,False,True,False
51,406.5724,10,100,12,1,False,True,False,False,True,False,False,True,False,False,True,False,True,True,False,False
51,1198.551,100,100,,8,True,False,True,False,False,False,False,False,True,False,False,False,False,False,False,False
